p,q,x,y,z,theta,phi,hex1,hex2
-18,-12,0.404185,0.002281,-0.914675,156.1595,-0.3233,6,1
-18,-11,0.478969,-0.036444,-0.877075,151.2915,4.3512,7,1
-18,-10,0.553526,-0.03098,-0.832255,146.3311,3.2034,8,1
-17,-13,0.403359,-0.047158,-0.913826,156.0395,6.6683,5,2
-17,-12,0.458068,-0.127991,-0.879655,151.6007,15.6112,6,2
-18,-9,0.628519,-0.018376,-0.777577,141.0393,1.6747,9,1
-17,-11,0.513464,-0.122187,-0.849367,148.1429,13.3855,7,2
-17,-10,0.575696,-0.122998,-0.80836,143.936,12.0599,8,2
-16,-14,0.309691,-0.180184,-0.933609,159.0045,30.1917,4,3
-16,-13,0.388777,-0.194803,-0.900502,154.2241,26.6139,5,3
-18,-8,0.687317,-0.005502,-0.726337,136.5802,0.4587,10,1
-16,-12,0.45642,-0.204916,-0.865847,149.9795,24.1783,6,3
-17,-9,0.645938,-0.116432,-0.754459,138.9781,10.218,9,2
-16,-11,0.530252,-0.213632,-0.820484,145.1333,21.9439,7,3
-18,-7,0.733282,0.005712,-0.679901,132.8359,-0.4463,11,1
-17,-8,0.696443,-0.102141,-0.710306,135.2598,8.3435,10,2
-16,-10,0.587806,-0.206232,-0.782274,141.4693,19.3334,8,3
-15,-15,0.232745,-0.243275,-0.941619,160.3253,46.2673,3,4
-15,-14,0.301592,-0.264561,-0.915996,156.3476,41.2578,4,4
-15,-13,0.366571,-0.281813,-0.886683,152.4594,37.5523,5,4
-16,-9,0.651172,-0.195952,-0.733197,137.1551,16.7477,9,3
-15,-12,0.440632,-0.288158,-0.850181,148.2314,33.1833,6,4
-17,-7,0.746379,-0.077801,-0.660958,131.373,5.9509,11,2
-15,-11,0.513737,-0.291939,-0.80675,143.7797,29.6081,7,4
-18,-6,0.780066,0.037931,-0.624547,128.6489,-2.7838,12,1
-16,-8,0.702236,-0.181271,-0.688481,133.5099,14.474,10,3
-15,-10,0.584723,-0.295792,-0.755385,139.059,26.8334,8,4
-14,-15,0.180715,-0.299483,-0.936831,159.526,58.8922,3,5
-14,-14,0.261709,-0.339177,-0.903586,154.6335,52.3463,4,5
-14,-13,0.343436,-0.360043,-0.867422,150.1604,46.3523,5,5
-14,-16,0.085476,-0.262257,-0.961205,163.9882,71.9479,2,5
-17,-6,0.789915,-0.051029,-0.611089,127.6683,3.6962,12,2
-15,-9,0.642179,-0.274548,-0.715702,135.7007,23.148,9,4
-16,-7,0.742685,-0.168526,-0.648088,130.3976,12.7848,11,3
-14,-12,0.418526,-0.371266,-0.828853,145.9811,41.5756,6,5
-14,-11,0.491225,-0.372045,-0.787579,141.9598,37.1396,7,5
-17,-5,0.821814,0.002901,-0.569748,124.7326,-0.2023,13,2
-15,-8,0.700578,-0.262826,-0.66341,131.5605,20.5639,10,4
-16,-6,0.792228,-0.139763,-0.594004,126.4417,10.0051,12,3
-14,-10,0.562763,-0.376559,-0.735868,137.3806,33.7875,8,5
-13,-15,0.128256,-0.375741,-0.917807,156.6075,71.1531,3,6
-13,-14,0.21725,-0.407323,-0.887068,152.5071,61.9263,4,6
-13,-16,0.065515,-0.338025,-0.938854,159.86,79.0311,2,6
-13,-13,0.307478,-0.426484,-0.850629,148.2801,54.2099,5,6
-15,-7,0.741341,-0.241812,-0.626052,128.7594,18.0654,11,4
-17,-4,0.827724,0.055325,-0.558402,123.9454,-3.824,14,2
-14,-9,0.628455,-0.361745,-0.688611,133.5203,29.9252,9,5
-16,-5,0.826816,-0.098215,-0.553831,123.6302,6.7742,13,3
-13,-12,0.389046,-0.451151,-0.803185,143.4353,49.2275,6,6
-13,-11,0.467096,-0.456889,-0.757016,139.2019,44.3671,7,6
-14,-8,0.68454,-0.338675,-0.645526,130.2051,26.3238,10,5
-15,-6,0.785625,-0.2145,-0.58033,125.4737,15.2713,12,4
-16,-4,0.854983,-0.045742,-0.516635,121.1068,3.0624,14,3
-13,-10,0.537369,-0.450651,-0.712846,135.4669,39.984,8,6
-17,-3,0.865841,0.092404,-0.491712,119.4532,-6.0916,15,2
-12,-15,0.07806,-0.445097,-0.892074,153.135,80.0527,3,7
-12,-14,0.161872,-0.487022,-0.858258,149.1216,71.6147,4,7
-14,-7,0.732679,-0.320474,-0.600398,126.8984,23.6246,11,5
-12,-16,-0.000474,-0.408718,-0.912661,155.8757,90.0664,2,7
-15,-5,0.829835,-0.177183,-0.529131,121.9467,12.0526,13,4
-12,-13,0.259309,-0.502349,-0.824866,145.575,62.6975,5,7
-13,-9,0.603849,-0.436893,-0.666702,131.813,35.8863,9,6
-12,-17,-0.054669,-0.35959,-0.931507,158.671,98.6445,1,7
-12,-12,0.348677,-0.522291,-0.778226,141.0985,56.2732,6,7
-16,-3,0.884308,0.001348,-0.466902,117.8334,-0.0873,15,3
-14,-6,0.780079,-0.29321,-0.552725,123.5542,20.5999,12,5
-13,-8,0.660088,-0.420554,-0.62243,128.4938,32.502,10,6
-12,-11,0.425351,-0.525487,-0.736845,137.4633,51.0119,7,7
-15,-4,0.86076,-0.137519,-0.490082,119.346,9.0771,14,4
-12,-10,0.499159,-0.527822,-0.687201,133.4089,46.5987,8,7
-11,-15,0.012552,-0.502294,-0.864606,149.8377,88.5685,3,8
-14,-5,0.824301,-0.252787,-0.506584,120.4365,17.0491,13,5
-13,-7,0.712003,-0.402626,-0.575278,125.1191,29.4874,11,6
-11,-16,-0.065552,-0.457932,-0.886567,152.445,98.1465,2,8
-11,-14,0.112136,-0.546485,-0.829927,146.0913,78.4041,4,8
-16,-2,0.903078,0.046266,-0.426976,115.2758,-2.9328,16,3
-15,-3,0.890701,-0.091162,-0.445355,116.4461,5.8438,15,4
-11,-13,0.207232,-0.574447,-0.791875,142.3611,70.1631,5,8
-11,-17,-0.110197,-0.40259,-0.908723,155.3295,105.308,1,8
-12,-9,0.568996,-0.509775,-0.645269,130.1859,41.8578,9,7
-11,-12,0.300097,-0.590424,-0.749228,138.5235,63.057,6,8
-13,-6,0.763711,-0.3752,-0.52533,121.6904,26.1642,12,6
-14,-4,0.863756,-0.214213,-0.456112,117.1365,13.9284,14,5
-12,-8,0.634861,-0.500366,-0.588715,126.0659,38.2435,10,7
-11,-11,0.383154,-0.599076,-0.703066,134.6735,57.3981,7,8
-15,-2,0.917387,-0.045307,-0.39541,113.2915,2.8273,16,4
-16,-1,0.909705,0.126076,-0.395652,113.3067,-7.8904,17,3
-13,-5,0.814364,-0.329936,-0.477445,118.5187,22.0551,13,6
-11,-10,0.464322,-0.583744,-0.666069,131.7644,51.5005,8,8
-12,-7,0.687225,-0.481955,-0.543544,122.9252,35.0422,11,7
-10,-16,-0.125926,-0.499848,-0.85691,148.9714,104.1402,2,9
-14,-3,0.893849,-0.176386,-0.412216,114.3441,11.1629,15,5
-10,-15,-0.048891,-0.563132,-0.82492,145.5804,94.962,3,9
-10,-14,0.040024,-0.597773,-0.800665,143.1937,86.1694,4,9
-10,-13,0.142399,-0.62488,-0.767625,140.1411,77.1626,5,9
-11,-9,0.53382,-0.568543,-0.625936,128.7509,46.8041,9,8
-13,-4,0.857124,-0.291208,-0.424896,115.1441,18.7652,14,6
-12,-6,0.739105,-0.453802,-0.497782,119.8534,31.5494,12,7
-15,-1,0.930193,0.009903,-0.366938,111.5269,-0.61,17,4
-10,-12,0.243478,-0.65418,-0.716078,135.7316,69.5854,6,9
-14,-2,0.916872,-0.125914,-0.378802,112.2595,7.8195,16,5
-11,-8,0.601474,-0.561864,-0.567923,124.6055,43.0499,10,8
-10,-11,0.333355,-0.668101,-0.665219,131.6991,63.4827,7,9
-12,-5,0.792497,-0.420033,-0.442178,116.2429,27.9241,13,7
-13,-3,0.8898,-0.252517,-0.38012,112.3411,15.8435,15,6
-10,-10,0.426686,-0.649567,-0.629286,128.9975,56.7,8,9
-11,-7,0.662555,-0.545939,-0.512808,120.851,39.4882,11,8
-9,-15,-0.109098,-0.587711,-0.801682,143.291,100.5162,3,10
-9,-16,-0.184815,-0.521969,-0.832701,146.3773,109.4976,2,10
-9,-14,-0.01822,-0.632833,-0.774074,140.7211,91.6492,4,10
-14,-1,0.938139,-0.072087,-0.338671,109.7959,4.394,17,5
-15,0,0.945786,0.083457,-0.313884,108.2934,-5.0427,18,4
-9,-13,0.079984,-0.672779,-0.735507,137.3501,83.2202,5,10
-10,-9,0.497603,-0.639559,-0.585966,125.8713,52.1156,9,9
-12,-4,0.835536,-0.375388,-0.401203,113.6534,24.1933,14,7
-11,-6,0.714862,-0.517023,-0.470807,118.0867,35.8763,12,8
-13,-2,0.915188,-0.206543,-0.346078,110.2476,12.7177,16,6
-9,-12,0.185014,-0.704113,-0.685561,133.2797,75.2777,6,10
-10,-8,0.567464,-0.624307,-0.536867,122.4706,47.7307,10,9
-9,-11,0.271226,-0.726363,-0.631532,129.1632,69.5242,7,10
-14,0,0.954524,-0.015141,-0.29775,107.3225,0.9087,18,5
-12,-3,0.876504,-0.332264,-0.348342,110.3859,20.7607,15,7
-11,-5,0.769937,-0.486131,-0.413369,114.4167,32.2679,13,8
-8,-16,-0.237883,-0.52078,-0.819878,145.0726,114.5501,2,11
-13,-1,0.937081,-0.157758,-0.311434,108.1457,9.5562,17,6
-9,-10,0.36034,-0.720114,-0.592951,126.3667,63.4169,8,10
-8,-15,-0.178805,-0.60846,-0.773179,140.6402,106.3762,3,11
-10,-7,0.629351,-0.607116,-0.485105,119.0194,43.9698,11,9
-8,-14,-0.08872,-0.659673,-0.746298,138.2707,97.6598,4,11
-8,-13,0.006776,-0.708258,-0.705921,134.904,89.4519,5,11
-9,-9,0.447905,-0.704582,-0.550404,123.3948,57.5558,9,10
-12,-2,0.904287,-0.287918,-0.315226,108.3745,17.6611,16,7
-14,1,0.958381,0.036468,-0.283154,106.4486,-2.1791,19,5
-11,-4,0.812603,-0.455437,-0.363667,111.3256,29.2692,14,8
-10,-6,0.688162,-0.576661,-0.440336,116.1253,39.9621,12,9
-8,-12,0.112851,-0.747355,-0.654772,130.9023,81.4131,6,11
-13,0,0.95833,-0.100211,-0.26751,105.5161,5.9697,18,6
-9,-8,0.517152,-0.696361,-0.49763,119.8433,53.4006,10,10
-8,-11,0.217096,-0.76521,-0.606071,127.306,74.1609,7,11
-12,-1,0.931358,-0.242435,-0.271657,105.7629,14.5905,17,7
-11,-3,0.855638,-0.410463,-0.315283,108.3779,25.6278,15,8
-10,-5,0.736249,-0.551723,-0.391841,113.0691,36.8468,13,9
-7,-16,-0.324961,-0.550826,-0.76876,140.2427,120.5386,2,12
-7,-15,-0.249744,-0.623197,-0.741116,137.8266,111.8383,3,12
-14,2,0.964461,0.083098,-0.250819,104.526,-4.9244,20,5
-8,-10,0.302538,-0.776011,-0.553423,123.6022,68.701,8,11
-9,-7,0.591444,-0.668526,-0.450852,116.7984,48.5009,11,10
-7,-14,-0.162936,-0.694666,-0.700636,134.4781,103.2002,4,12
-13,1,0.972419,-0.046456,-0.228569,103.2129,2.7351,19,6
-7,-13,-0.063084,-0.736476,-0.673516,132.339,94.8958,5,12
-11,-2,0.888735,-0.366721,-0.275073,105.9664,22.4226,16,8
-10,-4,0.785922,-0.521841,-0.331676,109.3705,33.5836,14,9
-8,-9,0.387756,-0.769659,-0.507218,120.4787,63.2609,9,11
-12,0,0.953984,-0.186396,-0.234887,103.5849,11.0556,18,7
-7,-12,0.050916,-0.775931,-0.62876,128.9587,86.2457,6,12
-9,-6,0.646564,-0.649211,-0.400599,113.6157,45.117,12,10
-13,2,0.978034,0.001175,-0.208443,102.0311,-0.0688,20,6
-7,-11,0.150746,-0.801706,-0.578398,125.3379,79.351,7,12
-8,-8,0.468474,-0.754045,-0.460379,117.4116,58.1481,10,11
-10,-3,0.829341,-0.479719,-0.286466,106.6465,30.0466,15,9
-11,-1,0.922491,-0.309959,-0.230076,103.3015,18.5725,17,8
-9,-5,0.698699,-0.621812,-0.353793,110.7195,41.6677,13,10
-6,-15,-0.309456,-0.636612,-0.706372,134.9405,115.9243,3,13
-12,1,0.973701,-0.123968,-0.191152,101.02,7.2556,19,7
-6,-16,-0.386912,-0.573234,-0.722289,136.2438,124.0179,2,13
-7,-10,0.252666,-0.809702,-0.529663,121.9827,72.6695,8,12
-6,-14,-0.22971,-0.704944,-0.671035,132.147,108.0485,4,13
-8,-7,0.539436,-0.731405,-0.4172,114.6579,53.59,11,11
-6,-13,-0.14046,-0.75684,-0.638329,129.6673,100.5138,5,13
-10,-2,0.863139,-0.437376,-0.252377,104.6182,26.8726,16,9
-13,3,0.979636,0.07261,-0.187193,100.789,-4.239,21,6
-11,0,0.946098,-0.257086,-0.196991,101.3611,15.2021,18,8
-7,-9,0.330148,-0.81315,-0.479364,118.6439,67.9023,9,12
-9,-4,0.74969,-0.588744,-0.302232,107.5917,38.1431,14,10
-6,-12,-0.030259,-0.804632,-0.593002,126.3704,92.1536,6,13
-12,2,0.983445,-0.072327,-0.166145,99.5638,4.2062,20,7
-8,-6,0.603171,-0.709414,-0.364577,111.3816,49.6276,12,11
-6,-11,0.085635,-0.835771,-0.542359,122.8444,84.1497,7,13
-7,-8,0.410478,-0.805339,-0.427711,115.3224,62.9922,10,12
-10,-1,0.898822,-0.387248,-0.205323,101.8484,23.3083,17,9
-11,1,0.963682,-0.208195,-0.167246,99.6277,12.1909,19,8
-9,-3,0.796152,-0.548704,-0.255078,104.7782,34.5744,15,10
-5,-15,-0.398158,-0.613417,-0.682048,133.0039,122.9869,3,14
-8,-5,0.658687,-0.682525,-0.316688,108.4628,46.0183,13,11
-6,-10,0.181123,-0.849878,-0.494876,119.6616,77.9693,8,13
-5,-14,-0.301336,-0.708014,-0.638681,129.6935,113.055,4,14
-12,3,0.988506,-0.019643,-0.149901,98.6212,1.1384,21,7
-7,-7,0.485038,-0.787788,-0.379643,112.3116,58.3796,11,12
-5,-13,-0.208034,-0.772642,-0.599789,126.8548,105.0696,5,14
-10,0,0.929428,-0.33309,-0.158792,99.1368,19.7168,18,9
-9,-2,0.836422,-0.503183,-0.217267,102.5485,31.0307,16,10
-6,-9,0.270502,-0.850847,-0.450432,116.7714,72.3634,9,13
-11,2,0.982601,-0.139307,-0.122837,97.0559,8.0693,20,8
-8,-4,0.710802,-0.648747,-0.271824,105.7728,42.3866,14,11
-5,-12,-0.107284,-0.817422,-0.56596,124.469,97.4772,6,14
-7,-6,0.555773,-0.762694,-0.330777,109.316,53.9193,12,12
-12,4,0.990231,0.058032,-0.126789,97.2841,-3.354,22,7
-5,-11,0.000858,-0.864801,-0.502115,120.14,89.9432,7,14
-9,-1,0.871561,-0.456988,-0.177607,100.2304,27.6695,17,10
-6,-8,0.348289,-0.850508,-0.394121,113.2112,67.7305,10,13
-10,1,0.952918,-0.276682,-0.124075,97.1273,16.1908,19,9
-4,-15,-0.465395,-0.596803,-0.653631,130.8159,127.9476,3,15
-8,-3,0.762729,-0.604693,-0.229327,103.2575,38.4075,15,11
-11,3,0.990571,-0.085241,-0.107255,96.1571,4.9183,21,8
-4,-14,-0.387033,-0.689555,-0.612144,127.7447,119.3046,4,15
-7,-5,0.613752,-0.735738,-0.286353,106.6397,50.1652,13,12
-5,-10,0.1025,-0.884078,-0.455961,117.1268,83.3867,8,14
-6,-7,0.425714,-0.836583,-0.344813,110.1704,63.0297,11,13
-4,-13,-0.291794,-0.772611,-0.563852,124.3226,110.6902,5,15
-10,2,0.975443,-0.20115,-0.089718,95.1474,11.6519,20,9
-9,0,0.909011,-0.396657,-0.127917,97.3492,23.5746,18,10
-8,-2,0.799395,-0.572384,-0.182603,100.5214,35.6035,16,11
-5,-9,0.19949,-0.892026,-0.405578,113.9274,77.3939,9,14
-4,-12,-0.181212,-0.830464,-0.526775,121.7878,102.3093,6,15
-11,4,0.996245,-0.019278,-0.084405,94.8418,1.1085,22,8
-7,-4,0.664165,-0.706979,-0.243033,104.0656,46.7885,14,12
-6,-6,0.497169,-0.815624,-0.295938,107.2138,58.6353,12,13
-4,-11,-0.078243,-0.875824,-0.476245,118.4405,95.105,7,15
-5,-8,0.28292,-0.887718,-0.363199,111.2968,72.3227,10,14
-9,1,0.938444,-0.334838,-0.08489,94.8697,19.6364,19,10
-8,-1,0.841083,-0.521596,-0.143237,98.2352,31.8051,17,11
-10,3,0.986794,-0.152954,-0.053324,93.0567,8.8108,21,9
-7,-3,0.723226,-0.661498,-0.198405,101.4437,42.4476,15,12
-3,-14,-0.448538,-0.680366,-0.579582,125.4212,123.3953,4,16
-11,5,0.996007,0.054732,-0.070534,94.0447,-3.1453,23,8
-6,-5,0.572521,-0.781761,-0.247122,104.3073,53.7829,13,13
-4,-10,0.017263,-0.907398,-0.419919,114.8295,88.9101,8,15
-3,-13,-0.36595,-0.757273,-0.540942,122.7478,115.792,5,16
-5,-7,0.364331,-0.877214,-0.312665,108.2199,67.4455,11,14
-9,2,0.957151,-0.283911,-0.057066,93.2714,16.5215,20,10
-8,0,0.881828,-0.460544,-0.101388,95.8191,27.5763,18,11
-10,4,0.995583,-0.088034,-0.032619,91.8692,5.0532,22,9
-7,-2,0.770179,-0.619018,-0.153755,98.8446,38.79,16,12
-4,-9,0.123429,-0.920869,-0.369817,111.7043,82.3658,9,15
-3,-12,-0.258001,-0.832468,-0.49034,119.3629,107.2194,6,16
-6,-4,0.619625,-0.755134,-0.214098,102.3626,50.6294,14,13
-5,-6,0.443205,-0.856351,-0.265014,105.3678,62.6361,12,14
-3,-11,-0.146002,-0.880486,-0.451031,116.8098,99.4151,7,16
-4,-8,0.21373,-0.918705,-0.332116,109.3973,76.9035,10,15
-10,5,0.999839,-0.012759,-0.012577,90.7206,0.7311,23,9
-9,3,0.976815,-0.213146,-0.020039,91.1482,12.3093,21,10
-8,1,0.920607,-0.386566,-0.055229,93.166,22.7777,19,11
-7,-1,0.805899,-0.581408,-0.111762,96.4169,35.8082,17,12
-2,-14,-0.513627,-0.654728,-0.554543,123.6792,128.1138,4,17
-6,-3,0.670785,-0.723133,-0.164704,99.48,47.1507,15,13
-3,-10,-0.048122,-0.915076,-0.400401,113.6032,93.0103,8,16
-2,-13,-0.43566,-0.734209,-0.520709,121.3798,120.6838,5,17
-5,-5,0.511356,-0.831812,-0.215878,102.467,58.4189,13,14
-4,-7,0.297492,-0.913129,-0.278737,106.1848,71.9547,11,15
-9,4,0.987359,-0.158275,0.008484,89.5139,9.1071,22,10
-8,2,0.938695,-0.34385,-0.024863,91.4247,20.1181,20,11
-10,6,0.996603,0.081088,0.01438,89.176,-4.6516,24,9
-2,-12,-0.334094,-0.815908,-0.471885,118.1567,112.2679,6,17
-7,0,0.845398,-0.529194,-0.072498,94.1575,32.0454,18,12
-3,-9,0.04157,-0.938449,-0.342907,110.0541,87.4637,9,16
-6,-2,0.725689,-0.677398,-0.120447,96.9179,43.0288,16,13
-5,-4,0.580547,-0.796289,-0.169969,99.786,53.9055,14,14
-4,-6,0.379503,-0.896876,-0.227137,103.1286,67.0649,12,15
-2,-11,-0.22313,-0.88293,-0.413096,114.3995,104.1826,7,17
-9,5,0.995468,-0.084291,0.044035,87.4762,4.84,23,10
-8,3,0.962381,-0.271633,0.006243,89.6423,15.7618,21,11
-3,-8,0.128925,-0.948316,-0.289957,106.8554,82.258,10,16
-7,1,0.889007,-0.457302,-0.023256,91.3326,27.2211,19,12
-1,-14,-0.587495,-0.621166,-0.518654,121.242,133.4043,4,18
-6,-1,0.774635,-0.627258,-0.080551,94.6202,38.9987,17,13
-5,-3,0.632863,-0.763518,-0.128552,97.3859,50.3454,15,14
-1,-13,-0.505052,-0.712673,-0.486847,119.1335,125.3242,5,18
-2,-10,-0.116122,-0.925487,-0.36054,111.1334,97.1516,8,17
-4,-5,0.458767,-0.870372,-0.178844,100.3024,62.2066,13,15
-9,6,0.998715,-0.006403,0.050279,87.118,0.3674,24,10
-3,-7,0.223515,-0.943419,-0.244953,104.1791,76.6712,11,16
-1,-12,-0.41894,-0.789315,-0.448856,116.6703,117.9577,6,18
-8,4,0.977388,-0.207481,0.040792,87.6622,11.9849,22,11
-7,2,0.918813,-0.39459,0.008986,89.4851,23.2414,20,12
-2,-9,-0.023264,-0.948317,-0.316472,108.4497,91.4053,9,17
-6,0,0.81061,-0.583929,-0.044025,92.5233,35.7674,18,13
-5,-2,0.679077,-0.728789,-0.087866,95.0409,47.0223,16,14
-4,-4,0.527558,-0.83899,-0.133336,97.6624,57.8383,14,15
-1,-11,-0.308543,-0.867684,-0.389777,112.9406,109.5751,7,18
-9,7,0.995324,0.080461,0.053448,86.9362,-4.6217,25,10
-3,-6,0.311353,-0.930303,-0.193894,101.1801,71.4957,12,16
-8,5,0.987234,-0.143647,0.06881,86.0544,8.2787,23,11
-2,-8,0.056078,-0.961587,-0.268711,105.5876,86.6624,10,17
-7,3,0.938796,-0.34259,0.035975,87.9383,20.0483,21,12
-6,1,0.851742,-0.523927,0.00601,89.6557,31.5967,19,13
0,-13,-0.594973,-0.663565,-0.453528,116.9703,131.8804,5,19
-1,-10,-0.19638,-0.923942,-0.328276,109.1642,101.9994,8,18
-5,-1,0.740727,-0.670352,-0.04417,92.5316,42.1448,17,14
-4,-3,0.585264,-0.805744,-0.090792,95.2092,54.0067,15,15
-3,-5,0.390019,-0.909731,-0.142385,98.1859,66.7943,13,16
-8,6,0.993565,-0.072624,0.086915,85.0139,4.1806,24,11
0,-12,-0.489916,-0.766102,-0.416017,114.5834,122.5986,6,19
-7,4,0.959851,-0.272363,0.067111,86.1519,15.8416,22,12
-2,-7,0.144384,-0.966734,-0.211138,102.1891,81.5055,11,17
-6,2,0.888182,-0.457141,0.046418,87.3395,27.2345,20,13
-1,-9,-0.095012,-0.957579,-0.272057,105.7867,95.6664,9,18
-5,0,0.777063,-0.629408,-0.004356,90.2496,39.0069,18,14
0,-11,-0.392791,-0.841597,-0.370716,111.7598,115.0195,7,19
-8,7,0.996548,-0.002448,0.082984,85.2399,0.1407,25,11
-4,-2,0.633322,-0.771525,-0.060434,93.4648,50.6184,16,15
-3,-4,0.465704,-0.878974,-0.102591,95.8884,62.0842,14,16
-7,5,0.971566,-0.217736,0.093006,84.6635,12.6318,23,12
-2,-6,0.241804,-0.956646,-0.162357,99.3437,75.8149,12,17
-1,-8,-0.008666,-0.972833,-0.231345,103.3763,90.5104,10,18
-6,3,0.91345,-0.401189,0.068236,86.0873,23.7112,21,13
1,-13,-0.630239,-0.657356,-0.413137,114.4021,133.7935,5,20
-8,8,0.994608,0.070676,0.075894,85.6474,-4.0646,26,11
0,-10,-0.273731,-0.911272,-0.307658,107.9182,106.7194,8,19
-5,1,0.815612,-0.577437,0.036652,87.8995,35.2977,19,14
-4,-1,0.691254,-0.722519,-0.011631,90.6664,46.2669,17,15
1,-12,-0.563124,-0.729834,-0.387599,112.8052,127.653,6,20
-7,6,0.983948,-0.146745,0.101553,84.1714,8.4825,24,12
-3,-3,0.531277,-0.845188,-0.05833,93.3439,57.8469,15,16
-2,-5,0.316839,-0.940787,-0.120551,96.9239,71.3875,13,17
-1,-7,0.073773,-0.980534,-0.181962,100.4841,85.6973,11,18
-6,4,0.936955,-0.338537,0.086651,85.029,19.8656,22,13
0,-9,-0.176094,-0.952557,-0.248245,104.3737,100.4737,9,19
-5,2,0.847645,-0.525762,0.071224,85.9157,31.8098,20,14
1,-11,-0.474569,-0.810475,-0.343386,110.0833,120.3509,7,20
-7,7,0.990719,-0.071871,0.115373,83.3749,4.1492,25,12
-4,0,0.741091,-0.670622,0.032416,88.1424,42.1423,18,15
-3,-2,0.588862,-0.808038,-0.017771,91.0182,53.9171,16,16
-2,-4,0.404187,-0.911707,-0.073641,94.2231,66.0908,14,17
-6,5,0.955489,-0.275452,0.105675,83.9339,16.0814,23,13
-1,-6,0.167483,-0.97792,-0.124987,97.18,80.2816,12,18
0,-8,-0.08606,-0.97746,-0.192784,101.1153,95.0316,10,19
1,-10,-0.362411,-0.8872,-0.285544,106.5913,112.2195,8,20
-7,8,0.991801,0.00227,0.127769,82.6593,-0.1311,26,12
-5,3,0.880607,-0.463415,0.09888,84.3253,27.7553,21,14
2,-12,-0.631559,-0.690564,-0.352498,110.6402,132.4447,6,21
-4,1,0.778568,-0.624569,0.061201,86.4913,38.7367,19,15
-6,6,0.969457,-0.2062,0.132796,82.3688,12.0076,24,13
-3,-1,0.64688,-0.762253,0.022724,88.6979,49.6806,17,16
-2,-3,0.468101,-0.883196,-0.029096,91.6673,62.076,15,17
-7,9,0.990439,0.072698,0.117239,83.2672,-4.1979,27,12
-1,-5,0.244758,-0.965908,-0.084355,94.8389,75.7807,13,18
0,-7,0.001821,-0.988994,-0.147942,98.5077,89.8945,11,19
-5,4,0.909357,-0.403646,0.100701,84.2205,23.9355,22,14
1,-9,-0.256446,-0.939475,-0.227207,103.1327,105.2679,9,20
2,-11,-0.547171,-0.776673,-0.312064,108.1836,125.1649,7,21
-4,2,0.813023,-0.57541,0.088865,84.9017,35.2886,20,15
-6,7,0.977758,-0.141551,0.154769,81.0966,8.2375,25,13
-3,0,0.696735,-0.714689,0.061481,86.4752,45.7288,18,16
-2,-2,0.537529,-0.84321,0.007716,89.5579,57.4833,16,17
-5,5,0.932957,-0.337148,0.126181,82.751,19.8686,23,14
-1,-4,0.324751,-0.944744,-0.044678,92.5607,71.0298,14,18
2,-10,-0.45083,-0.854458,-0.258173,104.9617,117.8171,8,21
0,-6,0.088607,-0.990887,-0.101443,95.8223,84.8901,12,19
1,-8,-0.156799,-0.973982,-0.163628,99.4175,99.1454,10,20
-6,8,0.981707,-0.076076,0.174539,79.9482,4.4312,26,13
3,-12,-0.719911,-0.600101,-0.348722,110.4092,140.1862,6,22
-4,3,0.845465,-0.523615,0.104956,83.9753,31.7708,21,15
-3,1,0.737435,-0.670179,0.083963,85.1836,42.2645,19,16
-5,6,0.947928,-0.274653,0.161238,80.7212,16.1584,24,14
-6,9,0.984115,-0.004448,0.177475,79.7773,0.2589,27,13
-2,-1,0.592225,-0.804424,0.046596,87.3293,53.6391,17,17
3,-11,-0.620016,-0.731985,-0.28245,106.4065,130.2657,7,22
2,-9,-0.3496,-0.917029,-0.191932,101.0655,110.8684,9,21
-1,-3,0.411215,-0.911518,0.006145,89.6479,65.7184,15,18
1,-7,-0.077761,-0.989902,-0.118521,96.8067,94.4916,11,20
0,-5,0.174727,-0.983461,-0.047699,92.734,79.9256,13,19
-4,4,0.871947,-0.470785,0.134422,82.2748,28.3657,22,15
-3,2,0.775048,-0.624213,0.09828,84.3599,38.8475,20,16
-6,10,0.983563,0.068572,0.167039,80.3843,-3.9881,28,13
-5,7,0.960252,-0.203115,0.191467,78.9616,11.9433,25,14
-2,0,0.645163,-0.760152,0.077027,85.5823,49.6777,18,17
3,-10,-0.519666,-0.823478,-0.227664,103.1596,122.2545,8,22
-4,5,0.902676,-0.398714,0.161873,80.6843,23.8312,23,15
-1,-2,0.481355,-0.875721,0.037546,87.8482,61.2039,16,18
2,-8,-0.242041,-0.961505,-0.130096,97.4751,104.1296,10,21
0,-4,0.252424,-0.967459,-0.017474,91.0012,75.3767,14,19
1,-6,0.014573,-0.997961,-0.062145,93.5629,89.1634,12,20
-5,8,0.966332,-0.140103,0.21581,77.5369,8.2495,26,14
-3,3,0.804288,-0.580235,0.128252,82.6314,35.8077,21,16
4,-11,-0.713161,-0.647056,-0.269666,105.6444,137.7823,7,23
-2,1,0.694181,-0.714105,0.090369,84.8152,45.8105,19,17
-4,6,0.923365,-0.332048,0.192721,78.8884,19.7789,24,15
3,-9,-0.420105,-0.89237,-0.164885,99.4906,115.2099,9,22
-1,-1,0.535743,-0.841549,0.069107,86.0373,57.5185,17,18
-5,9,0.970178,-0.075417,0.230363,76.6816,4.4449,27,14
2,-7,-0.15292,-0.984979,-0.080195,94.5998,98.8248,11,21
0,-3,0.33764,-0.940835,0.028799,88.3497,70.2583,15,19
1,-5,0.107213,-0.994079,-0.017688,91.0135,83.8443,13,20
-3,4,0.831772,-0.528592,0.169546,80.2386,32.436,22,16
-2,2,0.730023,-0.672308,0.122749,82.9492,42.6432,20,17
-4,7,0.940124,-0.259769,0.220652,77.2526,15.4462,25,15
4,-10,-0.600646,-0.773148,-0.203635,101.7496,127.8431,8,23
-5,10,0.971433,-0.001444,0.237311,76.2721,0.0852,28,14
-1,0,0.593111,-0.799966,0.09096,84.7811,53.446,18,18
3,-8,-0.330905,-0.936739,-0.114115,96.5526,109.4559,10,22
2,-6,-0.063643,-0.997398,-0.033857,91.9402,93.6511,12,21
0,-2,0.418707,-0.905598,0.067646,86.1212,65.1864,16,19
-3,5,0.865279,-0.45698,0.20606,78.1084,27.8399,23,16
-5,11,0.969683,0.073812,0.232951,76.5291,-4.3529,29,14
1,-4,0.184729,-0.98267,0.01536,89.1199,79.3534,14,20
5,-11,-0.792545,-0.546459,-0.270656,105.7033,145.4138,7,24
-4,8,0.946401,-0.202577,0.251572,75.4295,12.0819,26,15
-2,3,0.763065,-0.627464,0.154986,81.084,39.4302,21,17
4,-9,-0.503191,-0.851298,-0.148632,98.5476,120.5868,9,23
-1,1,0.637421,-0.761955,0.114539,83.423,50.0855,19,18
-3,6,0.889602,-0.392291,0.233914,76.4724,23.7962,24,16
3,-7,-0.226457,-0.972296,-0.057942,93.3217,103.111,11,22
0,-1,0.474549,-0.876643,0.079382,85.447,61.5722,17,19
-4,9,0.952871,-0.128735,0.274706,74.0555,7.6942,27,15
1,-3,0.263967,-0.963406,0.046577,87.3304,74.6774,15,20
2,-5,0.032423,-0.999436,0.008736,89.4994,88.1419,13,21
5,-10,-0.689693,-0.694659,-0.204383,101.7934,134.7944,8,24
-2,4,0.794994,-0.572835,0.199612,78.4857,35.7748,22,17
-1,2,0.676627,-0.720445,0.152104,81.2511,46.7964,20,18
-3,7,0.907603,-0.329418,0.26027,74.9139,19.9486,25,16
4,-8,-0.402733,-0.911268,-0.086001,94.9336,113.8429,10,23
-4,10,0.956214,-0.057624,0.286938,73.3253,3.4486,28,15
0,0,0.53707,-0.835379,0.117033,83.2791,57.2628,18,19
1,-2,0.340802,-0.93774,0.067067,86.1545,70.0274,16,20
3,-6,-0.139545,-0.990216,-0.000167,90.0096,98.0215,12,22
-2,5,0.82637,-0.508072,0.242848,75.9453,31.5842,23,17
2,-4,0.122539,-0.99151,0.043493,87.5073,82.9547,14,21
-4,11,0.954744,0.013313,0.29713,72.7147,-0.7989,29,15
5,-9,-0.592542,-0.795668,-0.12572,97.2223,126.6754,9,24
-3,8,0.920574,-0.262704,0.289015,73.201,15.9271,26,16
-1,3,0.718855,-0.669062,0.188691,79.1236,42.9453,21,18
6,-10,-0.784401,-0.579981,-0.219858,102.7007,143.521,8,25
-4,12,0.943306,0.103074,0.315516,71.608,-6.2359,30,15
0,1,0.582268,-0.800273,0.143272,81.7628,53.9608,19,19
4,-7,-0.296606,-0.954448,-0.032468,91.8606,107.2632,11,23
1,-1,0.412855,-0.905022,0.1024,84.1226,65.4784,17,20
-2,6,0.852539,-0.445579,0.273199,74.1453,27.5938,24,17
-3,9,0.932781,-0.178513,0.313134,71.7518,10.8341,27,16
2,-3,0.197866,-0.9783,0.06146,86.4764,78.5659,15,21
3,-5,-0.046929,-0.998304,0.034438,88.0264,92.6914,13,22
-1,4,0.755103,-0.613747,0.230509,76.673,39.1042,22,18
5,-8,-0.482366,-0.873724,-0.062683,93.5939,118.9023,10,24
-3,10,0.936467,-0.105811,0.334415,70.463,6.4465,28,16
-2,7,0.875665,-0.379046,0.299225,72.5889,23.4062,25,17
0,2,0.623262,-0.760005,0.184219,79.3844,50.6457,20,19
4,-6,-0.201547,-0.979284,0.019526,88.8812,101.6297,12,23
6,-9,-0.680266,-0.722334,-0.124383,97.1451,133.2821,9,25
1,0,0.472661,-0.869118,0.145687,81.6229,61.4609,18,20
2,-2,0.265339,-0.959541,0.094219,84.5936,74.5424,16,21
3,-4,0.040198,-0.997818,0.052385,86.9972,87.693,14,22
7,-10,-0.857685,-0.476158,-0.194037,101.1885,150.9624,8,26
-1,5,0.784227,-0.559168,0.268923,74.3998,35.4895,23,18
-3,11,0.93763,-0.034965,0.345871,69.765,2.1356,29,16
-2,8,0.887189,-0.322928,0.329566,70.7576,20.001,26,17
0,3,0.664787,-0.713746,0.220512,77.2609,47.034,21,19
5,-7,-0.378216,-0.925661,-0.010212,90.5851,112.2245,11,24
-3,12,0.931702,0.035727,0.361463,68.8099,-2.196,30,16
1,1,0.522952,-0.832928,0.180979,79.5732,57.8774,19,20
3,-3,0.110266,-0.99067,0.080095,85.406,83.6488,15,22
2,-1,0.337759,-0.932791,0.125778,82.7743,70.095,17,21
4,-5,-0.131054,-0.989254,0.06482,86.2835,97.5465,13,23
-1,6,0.813481,-0.493913,0.307082,72.1166,31.2645,24,18
6,-8,-0.578402,-0.814748,-0.040462,92.3189,125.3715,10,25
-2,9,0.901105,-0.244025,0.358414,68.9971,15.1526,27,17
7,-9,-0.76811,-0.629399,-0.117744,96.7619,140.6684,9,26
0,4,0.716148,-0.649048,0.256648,75.1288,42.1862,22,19
5,-6,-0.28042,-0.95915,0.03735,87.8595,106.297,12,24
1,2,0.559869,-0.79964,0.217075,77.4627,55.0022,20,20
-1,7,0.839274,-0.429319,0.333623,70.5112,27.0914,25,18
-2,10,0.913383,-0.157829,0.375261,67.9595,9.8037,28,17
2,0,0.394604,-0.903906,0.165051,80.4998,66.4161,18,21
4,-4,-0.045928,-0.995972,0.077004,85.5836,92.6403,14,23
3,-2,0.184968,-0.974228,0.1291,82.5824,79.2497,16,22
0,5,0.743259,-0.597411,0.301107,72.4759,38.7914,23,19
-2,11,0.916034,-0.087231,0.391499,66.9522,5.4397,29,17
6,-7,-0.474065,-0.880372,0.014424,89.1735,118.3017,11,25
-1,8,0.853714,-0.372965,0.363414,68.69,23.5992,26,18
1,3,0.605838,-0.753705,0.254736,75.2421,51.2072,21,20
5,-5,-0.196053,-0.97847,0.064493,86.3023,101.3301,13,24
7,-8,-0.668332,-0.74309,-0.033898,91.9426,131.9681,10,26
-2,12,0.917119,-0.00335,0.398599,66.5094,0.2093,30,17
8,-9,-0.858858,-0.500054,-0.110949,96.37,149.7907,9,27
2,1,0.452665,-0.865955,0.212639,77.723,62.4023,19,21
4,-3,0.0273,-0.993624,0.109389,83.7199,88.4262,15,23
3,-1,0.254333,-0.952036,0.170125,80.2049,75.0429,17,22
0,6,0.767835,-0.545827,0.335414,70.4023,35.4077,24,19
-2,13,0.905528,0.091308,0.414345,65.5219,-5.7579,31,17
-1,9,0.870214,-0.290599,0.397844,66.5565,18.4662,27,18
6,-6,-0.372801,-0.925742,0.063418,86.364,111.9349,12,25
1,4,0.660626,-0.690519,0.294544,72.8698,46.2674,22,20
-1,10,0.8876,-0.207923,0.411016,65.7314,13.184,28,18
5,-4,-0.134137,-0.986177,0.097278,84.4175,97.7457,14,24
2,2,0.496772,-0.831587,0.248356,75.6197,59.1468,20,21
0,7,0.795566,-0.478918,0.371096,68.2168,31.0473,25,19
7,-7,-0.573674,-0.818781,0.022253,88.7249,125.0168,11,26
3,0,0.314926,-0.928491,0.19679,78.6507,71.2641,18,22
4,-2,0.098327,-0.983797,0.149917,81.3779,84.2924,16,23
8,-8,-0.764336,-0.643818,-0.0359,92.0574,139.8918,10,27
-1,11,0.892639,-0.136821,0.429507,64.5637,8.7143,29,18
1,5,0.705182,-0.625902,0.333114,70.5421,41.5915,23,20
0,8,0.818423,-0.415105,0.39733,66.5886,26.8941,26,19
6,-5,-0.280721,-0.954942,0.09634,84.4715,106.3816,13,25
2,3,0.550899,-0.784916,0.283578,73.5261,54.9366,21,21
-1,12,0.895851,-0.055884,0.440826,63.8434,3.5695,30,18
5,-3,-0.053264,-0.988454,0.141847,81.8452,93.0845,15,24
3,1,0.374103,-0.896666,0.236723,76.3068,67.3533,19,22
-1,13,0.902907,0.04838,0.427104,64.7161,-3.0671,31,18
4,-1,0.173326,-0.964712,0.198212,78.5676,79.8146,17,23
1,6,0.730818,-0.574928,0.367916,68.4128,38.1918,24,20
7,-6,-0.466378,-0.882126,0.065915,86.2206,117.8653,12,26
0,9,0.836129,-0.338559,0.431586,64.4317,22.0437,27,19
9,-8,-0.871503,-0.489058,-0.036128,92.0705,150.7003,10,28
8,-7,-0.668182,-0.743775,0.018209,88.9566,131.9354,11,27
2,4,0.604714,-0.729303,0.32006,71.3334,50.3356,22,21
6,-4,-0.200118,-0.971428,0.127593,82.6695,101.6403,14,25
0,10,0.854081,-0.259719,0.450657,63.2142,16.9141,28,19
1,7,0.750645,-0.52391,0.402555,66.262,34.913,25,20
3,2,0.428868,-0.858967,0.279728,73.756,63.4678,20,22
5,-2,0.01454,-0.984023,0.177444,79.7791,89.1534,16,24
4,0,0.2376,-0.941681,0.238292,76.2143,75.839,18,23
7,-5,-0.375862,-0.920489,0.106897,83.8635,112.2116,13,26
0,11,0.865097,-0.177267,0.469237,62.0152,11.5802,29,19
2,5,0.651663,-0.666192,0.362662,68.7362,45.6317,23,21
1,8,0.779979,-0.451521,0.433315,64.3219,30.066,26,20
8,-6,-0.567177,-0.820872,0.066933,86.1621,124.6423,12,27
9,-7,-0.759797,-0.649939,0.016979,89.0271,139.456,11,28
3,3,0.487305,-0.813196,0.318192,71.4464,59.068,21,22
0,12,0.869802,-0.113681,0.480127,61.3063,7.4462,30,19
6,-3,-0.148452,-0.974211,0.169924,80.2166,98.6642,15,25
4,1,0.302276,-0.914069,0.270381,74.313,71.7013,19,23
5,-1,0.083218,-0.972016,0.219681,77.3097,85.1066,17,24
0,14,0.878511,0.083737,0.470326,61.9445,-5.4448,32,19
0,13,0.873037,-0.018744,0.487294,60.8372,1.23,31,19
2,6,0.688489,-0.604418,0.400826,66.3702,41.2796,24,21
1,9,0.798046,-0.388495,0.460646,62.5712,25.9572,27,20
7,-4,-0.296709,-0.940937,0.163097,80.6133,107.5018,14,26
3,4,0.536836,-0.765751,0.354163,69.2578,54.9673,22,22
10,-7,-0.864363,-0.502786,-0.009123,90.5227,149.8141,11,29
6,-2,-0.07229,-0.975972,0.205555,78.138,94.2362,16,25
1,10,0.81174,-0.313026,0.493044,60.4591,21.0878,28,20
2,7,0.711923,-0.55336,0.432387,64.3808,37.857,25,21
8,-5,-0.463519,-0.877931,0.119946,83.111,117.8326,13,27
4,2,0.36001,-0.877129,0.317863,71.4662,67.6847,20,23
5,0,0.157533,-0.951965,0.262576,74.777,80.6037,18,24
9,-6,-0.663693,-0.744305,0.074309,85.7385,131.7232,12,28
1,11,0.830628,-0.229802,0.507196,59.5228,15.4647,29,20
3,5,0.583067,-0.710678,0.393661,66.8175,50.6332,23,22
2,8,0.730931,-0.494357,0.47048,61.9346,34.072,26,21
7,-3,-0.229266,-0.950159,0.211269,77.8033,103.5657,15,26
1,12,0.845118,-0.153571,0.512047,59.1997,10.2992,30,20
4,3,0.416981,-0.837344,0.353526,69.2969,63.5276,21,23
6,-1,-0.012119,-0.969066,0.246502,75.7294,90.7165,17,25
5,1,0.220632,-0.923457,0.313923,71.7042,76.5628,19,24
1,13,0.848672,-0.07234,0.52395,58.4024,4.8721,31,20
8,-4,-0.38923,-0.903505,0.179382,79.6663,113.3064,14,27
2,9,0.749114,-0.430864,0.503174,59.7898,29.906,27,21
10,-6,-0.771727,-0.631851,0.072115,85.8645,140.6911,12,29
3,6,0.626782,-0.641566,0.442196,63.7559,45.6678,24,22
1,14,0.845203,0.019925,0.534074,57.7189,-1.3504,32,20
1,15,0.839134,0.072333,0.539094,57.378,-4.9267,33,20
9,-5,-0.570691,-0.810394,0.132562,82.3823,125.1538,13,28
4,4,0.462269,-0.79706,0.38859,67.1332,59.8877,22,23
7,-2,-0.166668,-0.953168,0.252375,75.3819,99.9183,16,26
2,10,0.765893,-0.368131,0.527151,58.1868,25.6715,28,21
6,0,0.061513,-0.954344,0.292309,73.0038,86.3121,18,25
11,-6,-0.875624,-0.480115,0.052653,86.9818,151.2635,12,30
5,2,0.284914,-0.891278,0.352772,69.3431,72.2725,20,24
3,7,0.654459,-0.587567,0.475866,61.5842,41.9172,25,22
2,11,0.795023,-0.283665,0.536164,57.5771,19.6364,29,21
8,-3,-0.318643,-0.917309,0.238767,76.1862,109.1556,15,27
4,5,0.508151,-0.743412,0.43488,64.2224,55.6459,23,23
3,8,0.684243,-0.529747,0.501179,59.922,37.7474,26,22
9,-4,-0.474635,-0.858485,0.194228,78.8004,118.9371,14,28
2,12,0.804032,-0.205131,0.558081,56.0768,14.3124,30,21
10,-5,-0.67418,-0.724763,0.142128,81.829,132.9292,13,29
5,3,0.338253,-0.8547,0.393792,66.8093,68.4085,21,24
7,-1,-0.091969,-0.953032,0.28857,73.2277,95.5121,17,26
6,1,0.131805,-0.933488,0.333507,70.5182,81.9632,19,25
2,13,0.814356,-0.118293,0.568182,55.3765,8.2649,31,21
4,6,0.556217,-0.677634,0.481076,61.2443,50.6201,24,23
3,9,0.696486,-0.469622,0.542552,57.1425,33.9907,27,22
2,14,0.814325,-0.035405,0.579328,54.5967,2.4895,32,21
8,-2,-0.251189,-0.925535,0.283353,73.5396,105.1842,16,27
2,15,0.798008,0.060781,0.599575,53.1606,-4.3556,33,21
5,4,0.389308,-0.812557,0.433809,64.2905,64.4002,22,24
11,-5,-0.790264,-0.59763,0.135359,82.2206,142.9019,13,30
3,10,0.716053,-0.401327,0.571144,55.17,29.2694,28,22
6,2,0.19155,-0.901881,0.387195,67.2199,78.0092,20,25
7,0,-0.02053,-0.938283,0.345258,69.8024,91.2534,18,26
4,7,0.598121,-0.614622,0.514288,59.0502,45.7796,25,23
9,-3,-0.400339,-0.87913,0.258572,75.0146,114.4836,15,28
10,-4,-0.586103,-0.783718,0.205594,78.1357,126.7909,14,29
3,11,0.745933,-0.324959,0.581366,54.4533,23.5399,29,22
12,-5,-0.87296,-0.468167,0.136967,82.1276,151.7954,13,31
5,5,0.432121,-0.764913,0.477681,61.4659,60.5367,23,24
4,8,0.62045,-0.568284,0.540458,57.2852,42.4873,26,23
8,-1,-0.18644,-0.926959,0.325556,71.0007,101.3722,17,27
3,12,0.762165,-0.245962,0.598838,53.2133,17.8856,30,22
6,3,0.256708,-0.865592,0.429943,64.5361,73.4812,21,25
7,1,0.046903,-0.924883,0.377347,67.8305,87.0969,19,26
3,13,0.77265,-0.164424,0.61317,52.1809,12.0136,31,22
9,-2,-0.327727,-0.893324,0.307517,72.0903,110.1462,16,28
4,9,0.642527,-0.504407,0.576829,54.7722,38.1332,27,23
5,6,0.485386,-0.702998,0.519802,58.681,55.3768,24,24
3,14,0.778421,-0.08276,0.622263,51.5184,6.0688,32,22
11,-4,-0.694359,-0.689422,0.206309,78.0939,135.2044,14,30
3,15,0.78295,0.014882,0.621906,51.5445,-1.0889,33,22
10,-3,-0.51179,-0.815739,0.26952,74.3643,122.104,15,29
6,4,0.3174,-0.823248,0.47066,61.9229,68.9161,22,25
8,0,-0.116044,-0.918922,0.376984,67.853,97.1974,18,27
4,10,0.666805,-0.431157,0.607844,52.5662,32.8868,28,23
7,2,0.09811,-0.902138,0.420145,65.1563,83.7933,20,26
5,7,0.528521,-0.640714,0.556913,56.1574,50.481,25,24
12,-4,-0.803623,-0.56358,0.191228,78.9755,144.9581,14,31
4,11,0.688791,-0.359445,0.629576,50.9811,27.5578,29,23
9,-1,-0.273107,-0.893303,0.356963,69.0862,106.9998,17,28
6,5,0.356644,-0.778911,0.515851,58.9456,65.3981,23,25
5,8,0.565847,-0.58889,0.577083,54.7543,46.1432,26,24
4,12,0.713527,-0.280449,0.642049,50.0552,21.4571,30,23
8,1,-0.042252,-0.907157,0.418666,65.2496,92.6667,19,27
7,3,0.164483,-0.872695,0.459726,62.6306,79.3263,21,26
11,-3,-0.606645,-0.744574,0.278553,73.8262,129.1716,15,30
10,-2,-0.435792,-0.834502,0.337183,70.2946,117.5744,16,29
4,13,0.722529,-0.201295,0.661386,48.5943,15.5677,31,23
5,9,0.590433,-0.523067,0.614647,52.0737,41.5379,27,24
6,6,0.413824,-0.721816,0.554736,56.3075,60.1739,24,25
4,14,0.733071,-0.121963,0.669128,48.0002,9.446,32,23
4,16,0.737916,0.06754,0.671504,47.8167,-5.2296,34,23
9,0,-0.217805,-0.893472,0.392771,66.873,103.7,18,28
4,15,0.741553,-0.035624,0.669948,47.937,2.7503,33,23
7,4,0.223471,-0.835636,0.50177,59.8828,75.028,22,26
5,10,0.615269,-0.453479,0.644826,49.8474,36.3918,28,24
8,2,0.018643,-0.892082,0.451489,63.1607,88.8028,20,27
12,-3,-0.703038,-0.652435,0.282961,73.563,137.138,15,31
6,7,0.461573,-0.666234,0.585732,54.1453,55.2854,25,25
10,-1,-0.356398,-0.848529,0.391124,66.9755,112.7833,17,29
11,-2,-0.538153,-0.766128,0.351339,69.4307,125.0855,16,30
13,-3,-0.822139,-0.504343,0.264056,74.6891,148.4729,15,32
5,11,0.632661,-0.386789,0.670921,47.8618,31.4403,29,24
7,5,0.279767,-0.791582,0.543257,57.0944,70.5352,23,26
5,12,0.662719,-0.310909,0.681277,47.0565,25.1332,30,24
6,8,0.496046,-0.612827,0.615127,52.0388,51.012,26,25
9,1,-0.136957,-0.885116,0.444761,63.5919,98.7958,19,28
8,3,0.06697,-0.871976,0.484946,60.9911,85.6081,21,27
5,13,0.677568,-0.233774,0.697317,45.7878,19.0354,31,24
7,6,0.341573,-0.738803,0.580946,54.4829,65.1874,24,26
10,0,-0.301192,-0.852753,0.426727,64.7399,109.4532,18,29
6,9,0.528735,-0.549967,0.646511,49.721,46.1276,27,25
5,14,0.683974,-0.163768,0.710887,44.6929,13.4652,32,24
12,-2,-0.625051,-0.696303,0.352807,69.3409,131.9134,16,31
5,16,0.693235,0.033657,0.719926,43.9517,-2.7796,34,24
5,15,0.694597,-0.072232,0.715764,44.2942,5.9369,33,24
11,-1,-0.456678,-0.791616,0.405941,66.0499,119.9804,17,30
9,2,-0.069948,-0.864182,0.498293,60.1128,94.6275,20,28
8,4,0.133999,-0.832975,0.53684,57.5312,80.8612,22,27
6,10,0.560571,-0.472531,0.680055,47.1521,40.1291,28,25
7,7,0.392638,-0.676982,0.62252,51.4996,59.887,25,26
13,-2,-0.738092,-0.591477,0.324615,71.0577,141.2927,16,32
6,11,0.582025,-0.407484,0.703707,45.2748,34.9964,29,25
10,1,-0.231033,-0.858267,0.458259,62.7252,105.0661,19,29
8,5,0.189122,-0.792976,0.579156,54.6088,76.5858,23,27
9,3,-0.012001,-0.852186,0.523102,58.4594,90.8068,21,28
7,8,0.425588,-0.624362,0.655017,49.079,55.7202,26,26
6,12,0.605751,-0.339473,0.7196,43.9785,29.267,30,25
11,0,-0.384619,-0.802236,0.456601,62.832,115.6146,18,30
12,-1,-0.559581,-0.715292,0.418601,65.2537,128.0365,17,31
6,13,0.624033,-0.263836,0.735509,42.6498,22.9182,31,25
7,9,0.450361,-0.570583,0.686739,46.6275,51.716,27,26
8,6,0.247808,-0.741726,0.623245,51.4465,71.5257,24,27
6,14,0.632815,-0.183742,0.752187,41.2199,16.191,32,25
10,2,-0.167105,-0.842805,0.51162,59.2282,101.2147,20,29
6,17,0.641516,0.066496,0.764222,40.1621,-5.9179,35,25
6,15,0.648625,-0.103502,0.754038,41.0586,9.0663,33,25
9,4,0.047854,-0.820145,0.570151,55.2393,86.6607,22,28
6,16,0.648197,-0.010575,0.7614,40.4123,0.9347,34,25
13,-1,-0.649063,-0.644343,0.4044,66.1465,135.2091,17,32
7,10,0.491261,-0.497203,0.715158,44.3438,45.3444,28,26
11,1,-0.322893,-0.804211,0.498984,60.0672,111.8756,19,30
14,-1,-0.751178,-0.538859,0.381265,67.588,144.3462,17,33
8,7,0.308053,-0.686036,0.659135,48.7661,65.8183,25,27
12,0,-0.481254,-0.736799,0.474892,61.6477,123.1513,18,31
7,11,0.533732,-0.421319,0.733226,42.8424,38.287,29,26
9,5,0.113346,-0.785103,0.608906,52.4896,81.7849,23,28
10,3,-0.10125,-0.821535,0.561096,55.8684,97.026,21,29
7,12,0.532794,-0.354987,0.768189,39.8084,33.6745,30,26
8,8,0.346199,-0.630868,0.694371,46.0229,61.2435,26,27
7,13,0.561133,-0.281632,0.77834,38.8912,26.652,31,26
11,2,-0.258631,-0.804633,0.534486,57.6909,107.8188,20,30
13,0,-0.584382,-0.656858,0.476482,61.5441,131.6583,18,32
9,6,0.166591,-0.743662,0.647468,49.649,77.3733,24,28
7,14,0.571029,-0.21433,0.792457,37.5843,20.5732,32,26
8,9,0.379246,-0.572521,0.726906,43.3723,56.479,27,27
10,4,-0.033792,-0.799225,0.600081,53.1243,92.4211,22,29
12,1,-0.417443,-0.739286,0.528391,58.1032,119.4515,19,31
7,17,0.598459,0.06901,0.798176,37.0437,-6.5779,35,26
7,15,0.576523,-0.129733,0.806716,36.2237,12.6818,33,26
7,16,0.599426,-0.03252,0.799769,36.8919,3.1054,34,26
14,0,-0.677527,-0.56822,0.466993,62.1607,140.0145,18,33
8,10,0.422203,-0.513748,0.746865,41.6804,50.5863,28,27
9,7,0.226727,-0.685935,0.691439,46.2559,71.7093,25,28
11,3,-0.198035,-0.786688,0.584725,54.2164,104.1296,21,30
8,11,0.463633,-0.444701,0.766346,39.9731,43.806,29,27
10,5,0.019086,-0.763984,0.644953,49.8378,88.5689,23,29
13,1,-0.508416,-0.671256,0.539379,57.3587,127.1406,19,32
12,2,-0.356209,-0.740968,0.569281,55.2999,115.6752,20,31
8,12,0.478725,-0.375001,0.79385,37.4533,38.0728,30,27
9,8,0.276668,-0.635876,0.720498,43.9044,66.4863,26,28
8,13,0.493665,-0.302534,0.815333,35.3797,31.5013,31,27
9,9,0.318293,-0.584509,0.746351,41.7248,61.4296,27,28
10,6,0.068606,-0.726903,0.683305,46.8976,84.6083,24,29
8,14,0.516048,-0.229667,0.825195,34.3917,23.9914,32,27
11,4,-0.131703,-0.761916,0.634144,50.6435,99.8071,22,30
8,17,0.543978,0.025947,0.838698,32.9971,-2.7308,35,27
14,1,-0.621232,-0.575582,0.531767,57.8751,137.1844,19,33
15,1,-0.716016,-0.476167,0.510476,59.3044,146.3752,19,34
8,15,0.513443,-0.156972,0.843644,32.473,16.9997,33,27
8,16,0.526497,-0.067371,0.847504,32.0588,7.2919,34,27
12,3,-0.292812,-0.741146,0.604122,52.8343,111.558,21,31
9,10,0.35197,-0.518038,0.779586,38.7774,55.8066,28,28
13,2,-0.446884,-0.679158,0.58227,54.3896,123.3448,20,32
10,7,0.126541,-0.683662,0.718744,44.0491,79.5136,25,29
11,5,-0.066846,-0.741644,0.667455,48.129,95.1503,23,30
9,11,0.390105,-0.457201,0.79924,36.9424,49.5277,29,28
10,8,0.186482,-0.638219,0.746928,41.675,73.7121,26,29
9,12,0.410363,-0.392146,0.823301,34.5834,43.6996,30,28
9,18,0.502,0.074334,0.861667,30.4957,-8.4229,36,28
14,2,-0.540135,-0.605577,0.584406,54.239,131.7308,20,33
12,4,-0.235625,-0.712761,0.660646,48.6508,108.2929,22,31
9,13,0.42581,-0.319507,0.846523,32.1645,36.8828,31,28
11,6,-0.019667,-0.709336,0.704596,45.2031,91.5882,24,30
13,3,-0.386854,-0.679813,0.623056,51.4604,119.6424,21,32
15,2,-0.63018,-0.52591,0.571219,55.1647,140.1537,20,34
10,9,0.237981,-0.581221,0.778169,38.9068,67.7334,27,29
9,14,0.444435,-0.249082,0.860486,30.6288,29.2684,32,28
9,17,0.477959,0.003205,0.878376,28.5529,-0.3841,35,28
9,15,0.462839,-0.177414,0.868507,29.7144,20.9726,33,28
9,16,0.461674,-0.089974,0.882475,28.0577,11.028,34,28
10,10,0.283648,-0.522425,0.804124,36.4743,61.5005,28,29
11,7,0.028136,-0.674188,0.738024,42.4367,87.6103,25,30
12,5,-0.173488,-0.696914,0.695854,45.9047,103.9789,23,31
14,3,-0.471393,-0.61582,0.631312,50.853,127.4331,21,33
10,11,0.320414,-0.464293,0.825692,34.3413,55.39,29,29
13,4,-0.322392,-0.663626,0.675029,47.5436,115.9107,22,32
11,8,0.093735,-0.629831,0.771056,39.5512,81.535,26,30
15,3,-0.566355,-0.538328,0.624055,51.3871,136.4534,21,34
12,6,-0.11502,-0.678037,0.725973,43.4501,99.6278,24,31
10,12,0.343654,-0.3965,0.851287,31.6481,49.0839,30,29
16,3,-0.666726,-0.432766,0.606787,52.6425,147.0127,21,35
10,18,0.426012,0.083622,0.900845,25.7307,-11.1055,36,29
10,13,0.361825,-0.339214,0.868341,29.7336,43.1526,31,29
11,9,0.138348,-0.579259,0.803317,36.5519,76.5674,27,30
10,14,0.372811,-0.265156,0.889215,27.2252,35.4217,32,29
14,4,-0.411097,-0.611424,0.676135,47.4576,123.9153,22,33
10,17,0.413628,-0.005688,0.910428,24.4354,0.7879,35,29
13,5,-0.273076,-0.648279,0.710749,44.7041,112.8424,23,32
10,15,0.403938,-0.18497,0.895891,26.3769,24.6038,33,29
10,16,0.411194,-0.094896,0.906595,24.9611,12.9952,34,29
12,7,-0.062254,-0.64563,0.761108,40.438,95.5076,25,31
11,10,0.189816,-0.522497,0.831244,33.7732,70.0346,28,30
11,11,0.233498,-0.466753,0.853006,31.4598,63.423,29,30
15,4,-0.497333,-0.534643,0.68324,46.9027,132.9294,22,34
12,8,-0.00047,-0.617135,0.786857,38.1072,90.0436,26,31
13,6,-0.202619,-0.642391,0.739107,42.3446,107.506,24,32
16,4,-0.603968,-0.448077,0.659128,48.7666,143.4287,22,35
11,12,0.271552,-0.396401,0.876998,28.7176,55.5872,30,30
14,5,-0.355375,-0.592296,0.723115,43.6878,120.9636,23,33
11,18,0.350854,0.051701,0.935002,20.7716,-8.3827,36,30
11,13,0.304862,-0.336749,0.890875,27.0166,47.8451,31,30
12,9,0.046278,-0.563237,0.824999,34.4116,85.3029,27,31
13,7,-0.151004,-0.616892,0.772426,39.4277,103.7545,25,32
11,17,0.3517,-0.019015,0.935919,20.6228,3.0948,35,30
11,14,0.315248,-0.272612,0.909011,24.6309,40.8518,32,30
11,15,0.346242,-0.194231,0.917818,23.3908,29.2911,33,30
11,16,0.345117,-0.105738,0.932585,21.1586,17.0343,34,30
15,5,-0.438614,-0.526502,0.728295,43.2563,129.7968,23,34
12,10,0.104753,-0.518643,0.84855,31.9457,78.5812,28,31
14,6,-0.292742,-0.581096,0.759361,40.5921,116.7379,24,33
17,5,-0.613829,-0.34209,0.711469,44.6454,150.8688,23,36
13,8,-0.083695,-0.583653,0.807678,36.1303,98.1605,26,32
12,11,0.160214,-0.466348,0.869972,29.5447,71.0398,29,31
16,5,-0.514553,-0.44979,0.730016,43.1122,138.8421,23,35
12,12,0.185812,-0.400703,0.897168,26.2117,65.1222,30,31
12,18,0.28684,0.05811,0.956214,17.0177,-11.4524,36,31
14,7,-0.231261,-0.576006,0.784051,38.367,111.875,25,33
15,6,-0.378637,-0.530046,0.758739,40.6468,125.54,24,34
13,9,-0.032847,-0.548933,0.835221,33.3612,93.4244,27,32
12,13,0.239189,-0.330961,0.912827,24.101,54.1439,31,31
12,14,0.26533,-0.266727,0.926529,22.0999,45.1503,32,31
12,17,0.290823,-0.032535,0.956223,17.0159,6.3833,35,31
12,15,0.280203,-0.191417,0.940662,19.8369,34.3384,33,31
13,10,0.018122,-0.49923,0.86628,29.9708,87.9211,28,32
12,16,0.287445,-0.111397,0.951297,17.9553,21.1835,34,31
16,6,-0.450861,-0.454495,0.768217,39.8059,134.77,24,35
17,6,-0.569084,-0.350109,0.744021,41.925,148.3996,24,36
14,8,-0.180831,-0.540596,0.821618,34.7529,108.4953,26,33
15,7,-0.316931,-0.515603,0.796058,37.2447,121.5783,25,34
13,11,0.077301,-0.44854,0.890414,27.0747,80.2217,29,32
13,18,0.224137,0.053823,0.97307,13.327,-13.503,36,32
13,12,0.110659,-0.378727,0.918869,23.2387,73.7123,30,32
14,9,-0.122314,-0.503091,0.855534,31.1812,103.6649,27,33
18,7,-0.612845,-0.237994,0.753512,41.1045,158.7767,25,37
16,7,-0.394846,-0.447922,0.802161,36.663,131.3963,25,35
13,13,0.144703,-0.316121,0.937619,20.3446,65.4043,31,32
15,8,-0.264475,-0.5012,0.823924,34.5204,117.8199,26,34
13,17,0.217545,-0.01451,0.975942,12.5933,3.816,35,32
13,14,0.189975,-0.253483,0.948502,18.4678,53.15,32,32
14,10,-0.074606,-0.462264,0.883598,27.9205,99.1681,28,33
17,7,-0.484093,-0.349439,0.802213,36.658,144.1767,25,36
13,16,0.217431,-0.09362,0.971576,13.6936,23.2953,34,32
13,15,0.206177,-0.177222,0.962332,15.776,40.6811,33,32
14,18,0.122039,0.065235,0.990379,7.9541,-28.1263,36,33
14,11,-0.027101,-0.414728,0.909542,24.5579,93.7387,29,33
15,9,-0.209171,-0.454941,0.865607,30.0479,114.6919,27,34
16,8,-0.345829,-0.424492,0.836785,33.1979,129.1693,26,35
14,12,0.021622,-0.352407,0.935597,20.6752,86.4891,30,33
18,8,-0.552765,-0.240117,0.797994,37.061,156.5203,26,37
17,8,-0.435031,-0.350707,0.829309,33.9722,141.1254,26,36
14,13,0.064762,-0.294669,0.953402,17.5598,77.6047,31,33
14,17,0.142261,0.043363,0.988879,8.553,-16.952,35,33
15,10,-0.150887,-0.419657,0.895054,26.4846,109.776,28,34
14,14,0.093363,-0.222863,0.970369,13.9827,67.2699,32,33
14,16,0.130167,-0.061416,0.989588,8.2752,25.2591,34,33
16,9,-0.287418,-0.405222,0.867863,29.7888,125.3475,27,35
14,15,0.114758,-0.137237,0.983868,10.3054,50.0976,33,33
15,11,-0.116339,-0.373255,0.920405,23.0146,107.3117,29,34
18,9,-0.508638,-0.21324,0.834156,33.4719,157.2548,27,37
15,17,0.069569,0.06001,0.995771,5.2715,-40.7809,35,34
17,9,-0.380831,-0.328816,0.864204,30.2081,139.1921,27,36
15,12,-0.076721,-0.311606,0.947109,18.7181,103.8317,30,34
16,10,-0.235475,-0.370574,0.898458,26.0439,122.4332,28,35
15,13,-0.026804,-0.262131,0.96466,15.2777,95.8385,31,34
15,16,0.0582,-0.020587,0.998093,3.5393,19.4806,34,34
15,14,0.006878,-0.184953,0.982723,10.6659,87.8703,32,34
16,17,0.011915,0.088833,0.995975,5.1422,-82.3605,35,35
15,15,0.034035,-0.103288,0.994069,6.2433,71.7623,33,34
16,11,-0.187815,-0.332825,0.924096,22.4676,119.4363,29,35
17,10,-0.32755,-0.297898,0.896643,26.2798,137.7144,28,36
18,10,-0.431861,-0.204895,0.878359,28.555,154.6182,28,37
19,11,-0.461956,-0.062861,0.884672,27.7888,172.251,29,38
16,12,-0.156954,-0.263262,0.951871,17.8484,120.803,30,35
16,16,-0.049404,0.037611,0.99807,3.5598,-142.7183,34,35
17,11,-0.275801,-0.262849,0.924578,22.3952,136.3775,29,36
16,13,-0.115515,-0.203342,0.97227,13.5246,119.6001,31,35
16,15,-0.055604,-0.045503,0.997415,4.1202,140.7055,33,35
18,11,-0.371198,-0.175604,0.911798,24.245,154.6824,29,37
16,14,-0.078767,-0.131863,0.988134,8.8354,120.8515,32,35
17,16,-0.109992,0.082262,0.990522,7.8946,-143.2076,34,36
19,12,-0.425072,-0.033085,0.904555,25.2366,175.5494,30,38
17,12,-0.229333,-0.210597,0.950292,18.1412,137.4387,30,36
18,12,-0.32195,-0.126826,0.938224,20.2447,158.4989,30,37
17,13,-0.201157,-0.142024,0.969208,14.2552,144.7764,31,36
17,15,-0.13317,0.015208,0.990976,7.7029,-173.4849,33,36
18,13,-0.253181,-0.084139,0.963753,15.4737,161.6169,31,37
17,14,-0.154824,-0.075158,0.985079,9.9101,154.1062,32,36
18,15,-0.169639,0.042858,0.984574,10.0769,-165.8214,33,37
18,14,-0.221149,-0.025683,0.974902,12.8638,173.3755,32,37
