p,q,x,y,z,theta,phi,rootid
-17,-11,0.549497,0.112364,-0.827905,145.8842,-11.5568,720575940640299392
-16,-12,0.499939,0.198205,-0.843075,147.4663,-21.6262,720575940631425554
-17,-10,0.608188,0.106807,-0.786575,141.8665,-9.9605,720575940618052097
-16,-11,0.555116,0.19151,-0.809426,144.0399,-19.034,720575940624595179
-15,-13,0.420991,0.267129,-0.866838,150.0933,-32.3961,720575940624341651
-15,-12,0.484613,0.272381,-0.831239,146.2262,-29.3386,720575940636195320
-17,-9,0.662405,0.09111,-0.743585,138.0377,-7.8316,720575940625756676
-16,-10,0.616876,0.185698,-0.76484,139.8928,-16.7534,720575940625770983
-15,-11,0.547613,0.267076,-0.792963,142.4633,-25.999,720575940628820712
-14,-14,0.315127,0.318026,-0.894178,153.403,-45.2624,720575940631868946
-14,-13,0.393253,0.339235,-0.854559,148.711,-40.7823,720575940635215770
-16,-9,0.668985,0.16473,-0.724792,136.4515,-13.8332,720575940624984368
-17,-8,0.709863,0.065182,-0.701317,134.5327,-5.2464,720575940627906590
-15,-10,0.610177,0.261605,-0.747828,138.4026,-23.2065,720575940632333260
-14,-12,0.46143,0.344181,-0.817693,144.8545,-36.7193,720575940645488692
-14,-11,0.526337,0.339607,-0.77951,141.2157,-32.8312,720575940622899241
-16,-8,0.715206,0.14232,-0.68427,133.1782,-11.2544,720575940625956339
-13,-15,0.199595,0.366736,-0.908662,155.3211,-61.4429,720575940627105354
-15,-9,0.669534,0.242782,-0.701984,134.5864,-19.9313,720575940638256693
-13,-14,0.277841,0.389995,-0.8779,151.39,-54.5331,720575940612007061
-13,-13,0.356638,0.405076,-0.841857,147.3367,-48.6385,720575940615506399
-17,-7,0.75467,0.027529,-0.655527,130.9596,-2.0891,720575940616485900
-14,-10,0.590308,0.331533,-0.73595,137.3876,-29.3198,720575940605300256
-13,-12,0.432042,0.417468,-0.799412,143.074,-44.0172,720575940623798259
-15,-8,0.717842,0.217537,-0.661348,131.4028,-16.8591,720575940615140767
-16,-7,0.761112,0.109796,-0.63926,129.7366,-8.2087,720575940619171894
-13,-11,0.502585,0.413616,-0.759164,139.3906,-39.4535,720575940609890787
-14,-9,0.653908,0.314872,-0.687939,133.4672,-25.7119,720575940608677845
-12,-15,0.140259,0.434343,-0.88976,152.8431,-72.1036,720575940613874738
-12,-14,0.229225,0.463526,-0.85592,148.8616,-63.6865,720575940621150817
-12,-16,0.071255,0.393968,-0.916358,156.3993,-79.748,720575940613721837
-17,-6,0.791599,-0.0094,-0.610969,127.6596,0.6804,720575940633670039
-12,-13,0.316785,0.473662,-0.821761,145.2615,-56.2254,720575940613759795
-13,-10,0.570975,0.405346,-0.713921,135.5548,-35.3717,720575940604728009
-12,-12,0.394372,0.482211,-0.782268,141.4687,-50.7223,720575940612950165
-15,-7,0.764188,0.186848,-0.617336,128.1219,-13.7396,720575940609887971
-14,-8,0.711064,0.293123,-0.639113,129.7257,-22.403,720575940619697323
-16,-6,0.803251,0.071262,-0.591363,126.2538,-5.0698,720575940627215972
-13,-9,0.637842,0.388115,-0.665225,131.6996,-31.3197,720575940630307468
-12,-11,0.470846,0.481922,-0.738955,137.6425,-45.666,720575940623414541
-11,-15,0.07985,0.493156,-0.866268,150.0278,-80.8027,720575940625888295
-11,-16,0.011075,0.452027,-0.891936,153.1175,-88.5965,720575940628997163
-11,-14,0.168578,0.531044,-0.830406,146.1404,-72.3881,720575940640735395
-14,-7,0.757109,0.263198,-0.597924,126.7214,-19.1693,720575940629289271
-15,-6,0.806613,0.150488,-0.571602,124.862,-10.568,720575940627060951
-12,-10,0.546842,0.473271,-0.690636,133.6805,-40.8749,720575940621842183
-11,-13,0.268272,0.545075,-0.794307,142.5898,-63.7948,720575940615324822
-13,-8,0.696354,0.367531,-0.616451,128.0574,-27.8248,720575940635716703
-11,-12,0.354549,0.546184,-0.758932,139.3702,-57.0108,720575940621254676
-16,-5,0.836123,0.026519,-0.547901,123.2231,-1.8166,720575940625805329
-12,-9,0.617539,0.459644,-0.638258,129.662,-36.6609,720575940626259504
-11,-11,0.431298,0.547128,-0.717379,135.8385,-51.7515,720575940612953750
-14,-6,0.803756,0.223529,-0.551372,123.4612,-15.5416,720575940613627567
-13,-7,0.747876,0.335943,-0.572559,124.9289,-24.1895,720575940620576216
-10,-15,0.024551,0.546391,-0.837171,146.8425,-87.4273,720575940625442574
-15,-5,0.845094,0.10351,-0.524502,121.6347,-6.983,720575940628621815
-10,-16,-0.047973,0.507047,-0.860582,149.382,-95.4048,720575940639258301
-10,-14,0.113391,0.586307,-0.802114,143.3325,-79.0542,720575940645761902
-11,-10,0.511557,0.538994,-0.669175,132.0034,-46.496,720575940609841635
-12,-8,0.679567,0.436189,-0.589854,126.1466,-32.6949,720575940621784979
-10,-13,0.214721,0.608801,-0.763712,139.7925,-70.5725,720575940632506579
-16,-4,0.864544,-0.018698,-0.502209,120.1463,1.239,720575940620735067
-10,-12,0.307474,0.615392,-0.725777,136.5335,-63.4515,720575940630595525
-14,-5,0.844436,0.183423,-0.503274,120.2168,-12.2551,720575940605961830
-11,-9,0.587098,0.524712,-0.616436,128.0563,-41.7884,720575940610580434
-13,-6,0.796551,0.297397,-0.526366,121.7603,-20.4734,720575940618616916
-10,-11,0.388749,0.614775,-0.68624,133.3332,-57.693,720575940612506482
-15,-4,0.873905,0.060889,-0.482267,118.8336,-3.9856,720575940623387094
-12,-7,0.732704,0.409627,-0.543461,122.9196,-29.2079,720575940618969152
-9,-15,-0.037087,0.59639,-0.801837,143.3059,-93.5584,720575940639728573
-10,-10,0.470515,0.609197,-0.638354,129.6692,-52.3192,720575940616071541
-9,-16,-0.111936,0.546744,-0.829784,146.0766,-101.5704,720575940635500640
-9,-14,0.054597,0.634038,-0.771372,140.4773,-85.0784,720575940642102669
-11,-8,0.652405,0.503103,-0.566793,124.5269,-37.6376,720575940631693928
-9,-13,0.158754,0.660514,-0.733838,137.2091,-76.4854,720575940619735941
-13,-5,0.839829,0.259449,-0.476836,118.479,-17.1675,720575940616965644
-14,-4,0.877105,0.137149,-0.460301,117.4066,-8.8871,720575940623561485
-12,-6,0.781729,0.376081,-0.497457,119.8319,-25.6917,720575940609941624
-9,-12,0.254607,0.675843,-0.691672,133.7626,-69.3573,720575940635750512
-10,-9,0.548547,0.596315,-0.586092,125.8802,-47.3892,720575940639164991
-11,-7,0.709751,0.475796,-0.519492,121.2981,-33.8367,720575940631085532
-9,-11,0.340625,0.679407,-0.649908,130.5347,-63.3728,720575940627295930
-15,-3,0.900401,0.015277,-0.434792,115.772,-0.972,720575940619484224
-12,-5,0.82574,0.338655,-0.451072,116.8125,-22.2996,720575940624009107
-13,-4,0.876496,0.213897,-0.431281,115.5489,-13.7142,720575940625572851
-10,-8,0.618293,0.573282,-0.537645,122.5234,-42.8367,720575940629624169
-9,-10,0.423669,0.674813,-0.604261,127.1757,-57.8781,720575940630731714
-8,-15,-0.098813,0.630048,-0.770244,140.3758,-98.9133,720575940622666224
-8,-14,-0.013345,0.673883,-0.738718,137.6223,-91.1345,720575940626031381
-8,-16,-0.179061,0.570145,-0.801793,143.3017,-107.4355,720575940636525687
-14,-3,0.905674,0.092396,-0.413784,114.4428,-5.8251,720575940620575960
-11,-6,0.75893,0.448156,-0.472421,118.1916,-30.5623,720575940638789454
-8,-13,0.086843,0.707152,-0.701708,134.5642,-82.9988,720575940622089605
-8,-12,0.187597,0.725414,-0.662255,131.4721,-75.5006,720575940611944434
-9,-9,0.50504,0.662699,-0.55296,123.5703,-52.6892,720575940626967482
-10,-7,0.67867,0.544236,-0.493168,119.549,-38.7267,720575940624451260
-15,-2,0.915367,-0.037591,-0.400861,113.632,2.3516,720575940621135495
-8,-11,0.28453,0.729469,-0.622028,128.4644,-68.6917,720575940634522719
-12,-4,0.867342,0.291883,-0.40314,113.7746,-18.5994,720575940608555356
-13,-3,0.905089,0.167988,-0.390633,112.9939,-10.5146,720575940622144383
-11,-5,0.806376,0.412629,-0.423669,115.0665,-27.0992,720575940626495518
-9,-8,0.579662,0.641335,-0.502675,120.1771,-47.8916,720575940633668252
-8,-10,0.373986,0.728393,-0.57409,125.0359,-62.8222,720575940629875728
-14,-2,0.926604,0.046038,-0.373209,111.9137,-2.8444,720575940630551290
-10,-6,0.733528,0.512349,-0.446581,116.5246,-34.9333,720575940627323153
-7,-15,-0.169377,0.642739,-0.747127,138.3421,-104.7632,720575940625015015
-7,-14,-0.080838,0.700292,-0.709265,135.1751,-96.5847,720575940631249325
-7,-13,0.014498,0.744763,-0.667171,131.8491,-88.8848,720575940613152493
-9,-7,0.642674,0.613173,-0.459336,117.3443,-43.6543,720575940627864326
-7,-12,0.118437,0.770455,-0.626395,128.7847,-81.2607,720575940633474079
-8,-9,0.455828,0.71992,-0.523389,121.5599,-57.6595,720575940618257620
-12,-3,0.901314,0.240995,-0.359938,111.0964,-14.9697,720575940617633088
-11,-4,0.850628,0.368153,-0.37536,112.0466,-23.403,720575940629187587
-13,-2,0.929807,0.119082,-0.348249,110.3803,-7.2982,720575940625802883
-7,-11,0.218653,0.776954,-0.590368,126.1831,-74.2821,720575940612984722
-10,-5,0.78359,0.478279,-0.396529,113.3613,-31.3986,720575940622859305
-8,-8,0.535518,0.70002,-0.472433,118.1924,-52.5839,720575940619288929
-14,-1,0.939669,-0.006627,-0.342021,110.0001,0.4041,720575940621364907
-7,-10,0.313858,0.775377,-0.547982,123.2286,-67.9628,720575940619554224
-9,-6,0.701286,0.581743,-0.412035,114.3327,-39.677,720575940618045414
-6,-15,-0.246412,0.651048,-0.717926,135.8835,-110.7309,720575940613847983
-6,-14,-0.152002,0.7186,-0.678609,132.735,-101.9434,720575940638896216
-12,-2,0.928024,0.189984,-0.320435,108.6892,-11.5697,720575940605092700
-6,-13,-0.053193,0.771577,-0.633908,129.3391,-93.9437,720575940624812808
-11,-3,0.889866,0.31865,-0.326498,109.0564,-19.7018,720575940614953362
-10,-4,0.829981,0.437113,-0.346503,110.2736,-27.7738,720575940623478154
-7,-9,0.400398,0.770305,-0.496298,119.7554,-62.535,720575940616543813
-8,-7,0.605795,0.674703,-0.421649,114.9387,-48.0803,720575940622694476
-13,-1,0.946929,0.075408,-0.312473,108.2083,-4.5531,720575940629006065
-6,-12,0.050925,0.806618,-0.588875,126.0772,-86.3875,720575940623072844
-9,-5,0.755633,0.548516,-0.35798,110.9762,-35.976,720575940617355521
-6,-11,0.151374,0.82084,-0.550733,123.4173,-79.5513,720575940607753769
-7,-8,0.482065,0.757345,-0.440502,116.1359,-57.5224,720575940633410335
-14,0,0.948767,-0.069068,-0.308336,107.959,4.1637,720575940614735250
-8,-6,0.665208,0.642954,-0.379615,112.3098,-44.0254,720575940625309513
-11,-2,0.920395,0.265032,-0.287454,106.7056,-16.064,720575940615664345
-6,-10,0.248143,0.821763,-0.512963,120.8614,-73.1975,720575940625216404
-12,-1,0.94709,0.143854,-0.286925,106.674,-8.6366,720575940627930520
-10,-3,0.870295,0.393719,-0.295926,107.2131,-24.3419,720575940611361941
-5,-15,-0.319042,0.652237,-0.687604,133.4408,-116.0656,720575940625770254
-5,-14,-0.228126,0.726891,-0.647756,130.3726,-107.4239,720575940640732067
-9,-4,0.804978,0.504192,-0.312731,108.2239,-32.0607,720575940614269182
-5,-13,-0.125141,0.785643,-0.605891,127.293,-99.0503,720575940629208684
-13,0,0.959622,0.017775,-0.28073,106.3038,-1.0612,720575940626297406
-7,-7,0.558344,0.73371,-0.387197,112.7802,-52.7293,720575940627894600
-6,-9,0.340953,0.81637,-0.466145,117.7844,-67.3324,720575940633328991
-5,-12,-0.019182,0.83173,-0.55485,123.7004,-91.3212,720575940615281105
-8,-5,0.720539,0.610766,-0.328311,109.1663,-40.2863,720575940617803403
-5,-11,0.081891,0.855353,-0.511531,120.7659,-84.5312,720575940627878165
-11,-1,0.943263,0.212299,-0.255313,104.7922,-12.6842,720575940617482385
-10,-2,0.904294,0.343699,-0.253227,104.6686,-20.8105,720575940650668153
-6,-8,0.42071,0.809865,-0.408805,114.1298,-62.5489,720575940629721130
-12,0,0.964501,0.090702,-0.248012,104.3599,-5.3723,720575940640179315
-7,-6,0.622858,0.704429,-0.340333,109.8972,-48.5168,720575940608810947
-9,-3,0.845012,0.462114,-0.269081,105.6096,-28.673,720575940629635884
-5,-10,0.175881,0.863867,-0.472017,118.1653,-78.492,720575940652859894
-8,-4,0.771633,0.571583,-0.279063,106.2043,-36.529,720575940620509233
-4,-14,-0.308958,0.721249,-0.619955,128.3129,-113.1886,720575940612210289
-13,1,0.964822,-0.051143,-0.257881,104.9444,3.0343,720575940619258176
-4,-13,-0.203721,0.788422,-0.580421,125.4802,-104.4878,720575940636735088
-6,-7,0.500718,0.791407,-0.350651,110.5271,-57.6787,720575940629856025
-5,-9,0.269733,0.862037,-0.42911,115.4111,-72.625,720575940607253744
-7,-5,0.68007,0.670507,-0.296522,107.2488,-44.5943,720575940625198887
-4,-12,-0.094157,0.84382,-0.528302,121.8908,-96.367,720575940632709187
-10,-1,0.931974,0.286348,-0.222326,102.8457,-17.0795,720575940630787788
-11,0,0.963151,0.157865,-0.217759,102.5775,-9.3083,720575940628271626
-9,-2,0.882073,0.413851,-0.225109,103.0093,-25.135,720575940617356066
-4,-11,0.008334,0.878314,-0.478011,118.5556,-89.4563,720575940620413606
-5,-8,0.358123,0.854408,-0.376476,112.1156,-67.2591,720575940626328535
-12,1,0.976999,0.02705,-0.211521,102.2115,-1.5859,720575940614761512
-8,-3,0.817173,0.525032,-0.237843,103.7593,-32.7207,720575940628293648
-6,-6,0.573573,0.760913,-0.303359,107.6594,-52.9912,720575940622863365
-4,-10,0.105536,0.892711,-0.438096,115.9825,-83.2578,720575940619951995
-7,-4,0.732608,0.633118,-0.249892,104.4711,-40.8335,720575940634424601
-3,-14,-0.387367,0.703122,-0.596294,126.6049,-118.8514,720575940629221199
-10,0,0.955677,0.228469,-0.185696,100.7017,-13.4451,720575940630002908
-3,-13,-0.281701,0.784948,-0.551817,123.4918,-109.742,720575940623872807
-5,-7,0.439762,0.840011,-0.317792,108.5294,-62.3671,720575940622135105
-9,-1,0.91552,0.357712,-0.184027,100.6044,-21.3416,720575940638703669
-4,-9,0.19796,0.89838,-0.392079,113.0839,-77.5734,720575940636637807
-11,1,0.97904,0.09398,-0.180691,100.41,-5.4831,720575940631132714
-3,-12,-0.174877,0.843731,-0.507481,120.4962,-101.7097,720575940606700674
-6,-5,0.633712,0.729336,-0.257836,104.9417,-49.013,720575940623798003
-8,-2,0.85518,0.477969,-0.200532,101.5681,-29.2013,720575940622674160
-3,-11,-0.071843,0.889276,-0.451692,116.8523,-94.6188,720575940623130281
-12,2,0.981191,-0.03884,-0.18909,100.8997,2.2668,720575940620561835
-7,-3,0.784127,0.584564,-0.208398,102.0285,-36.7044,720575940624181396
-4,-8,0.289572,0.894344,-0.341022,109.9392,-72.059,720575940626322647
-5,-6,0.52161,0.808796,-0.271611,105.7601,-57.1811,720575940628750084
-3,-10,0.034089,0.914261,-0.403689,113.809,-87.8647,720575940619205286
-10,1,0.974584,0.166138,-0.150281,98.6432,-9.6742,720575940631112252
-6,-4,0.689961,0.691483,-0.214022,102.3582,-45.0631,720575940637219726
-9,0,0.942723,0.297443,-0.151002,98.685,-17.5112,720575940608275696
-8,-1,0.890894,0.426331,-0.156685,99.0145,-25.5731,720575940630349111
-11,2,0.987905,0.032941,-0.151519,98.7149,-1.9098,720575940613530085
-4,-7,0.371601,0.883231,-0.286033,106.6206,-67.1821,720575940631203757
-3,-9,0.127091,0.925509,-0.356765,110.9017,-82.181,720575940626070123
-2,-13,-0.365116,0.772947,-0.518887,121.2576,-115.2846,720575940649409401
-7,-2,0.829463,0.53206,-0.170007,99.7882,-32.6782,720575940626881082
-5,-5,0.58917,0.77472,-0.229537,103.2698,-52.7472,720575940610337234
-2,-12,-0.255169,0.842318,-0.474751,118.3431,-106.8535,720575940631173975
-6,-3,0.741877,0.647326,-0.174893,100.0725,-41.1064,720575940631243331
-2,-11,-0.148027,0.893448,-0.424073,115.092,-99.4073,720575940626941477
-3,-8,0.219859,0.92748,-0.302395,107.6015,-76.6642,720575940640521357
-4,-6,0.457243,0.857251,-0.236746,103.6946,-61.9253,720575940610106414
-9,1,0.964675,0.235168,-0.118738,96.8192,-13.7003,720575940636230286
-8,0,0.924031,0.365575,-0.111896,96.4246,-21.5853,720575940627213412
-10,2,0.988648,0.098522,-0.113441,96.5137,-5.6909,720575940625037495
-2,-10,-0.049297,0.927233,-0.371227,111.7913,-93.0433,720575940607368322
-5,-4,0.6489,0.738028,-0.18505,100.6641,-48.6769,720575940628083581
-7,-1,0.864954,0.485137,-0.128443,97.3796,-29.2873,720575940620847996
-11,3,0.990106,-0.040093,-0.134475,97.7282,2.3188,720575940620996289
-3,-7,0.303872,0.919798,-0.24826,104.3746,-71.7181,720575940610665898
-6,-2,0.793688,0.592399,-0.138283,97.9485,-36.7372,720575940655966881
-2,-9,0.054369,0.944425,-0.324199,108.917,-86.7052,720575940611100484
-4,-5,0.538317,0.81962,-0.196054,101.3063,-56.7035,720575940621196532
-1,-13,-0.442081,0.750517,-0.491211,119.4202,-120.4996,720575940623349203
-1,-12,-0.341297,0.8276,-0.445639,116.4642,-112.4109,720575940610902806
-9,2,0.981911,0.170828,-0.081662,94.6841,-9.8692,720575940622899436
-5,-3,0.700745,0.698809,-0.143606,98.2565,-44.9207,720575940627768862
-8,1,0.949721,0.302837,-0.079493,94.5594,-17.6859,720575940614429992
-1,-11,-0.231308,0.88755,-0.398436,113.4804,-104.6071,720575940637889139
-2,-8,0.14482,0.951648,-0.270912,105.7186,-81.3472,720575940619953275
-7,0,0.8985,0.430777,-0.084437,94.8437,-25.6149,720575940621467072
-3,-6,0.387183,0.89932,-0.203258,101.7275,-66.7067,720575940608184194
-10,3,0.995896,0.031697,-0.084771,94.8628,-1.823,720575940660447105
-4,-4,0.600343,0.784224,-0.156783,99.0202,-52.565,720575940604427552
-1,-10,-0.126323,0.930384,-0.344133,110.1289,-97.732,720575940615991362
-6,-1,0.835928,0.540227,-0.09684,95.5573,-32.873,720575940628104762
-2,-7,0.237083,0.94708,-0.216406,102.498,-75.9459,720575940619144733
-5,-2,0.751717,0.651169,-0.104407,95.993,-40.9005,720575940624092348
-1,-9,-0.026556,0.955057,-0.29523,107.1714,-91.5928,720575940623140009
-3,-5,0.474428,0.865697,-0.159644,99.1862,-61.2759,720575940641935861
0,-13,-0.513767,0.722165,-0.463165,117.5915,-125.4291,720575940612822422
-8,2,0.970357,0.236304,-0.050674,92.9047,-13.6864,720575940619660112
-9,3,0.99362,0.102096,-0.047918,92.7466,-5.8666,720575940638397929
0,-12,-0.41675,0.805154,-0.421957,114.9582,-117.3662,720575940605795808
-7,1,0.928168,0.369729,-0.042476,92.4344,-21.7195,720575940633222113
-4,-3,0.657308,0.745156,-0.112647,96.4679,-48.5842,720575940614871215
-10,4,0.996633,-0.034578,-0.074344,94.2635,1.9871,720575940628167848
0,-11,-0.308684,0.874355,-0.374455,111.9906,-109.4452,720575940618530206
-6,0,0.86932,0.491134,-0.055402,93.1759,-29.4649,720575940609234185
-1,-8,0.066367,0.96607,-0.249609,104.4544,-86.0701,720575940627582972
-2,-6,0.323676,0.930345,-0.172312,99.9223,-70.8167,720575940607157801
-3,-4,0.543124,0.83116,-0.119119,96.8412,-56.8373,720575940621636534
-5,-1,0.80054,0.59611,-0.061546,93.5285,-36.6727,720575940618670875
0,-10,-0.200934,0.926142,-0.319197,108.6143,-102.241,720575940616262651
-8,3,0.985704,0.167614,-0.017093,90.9794,-9.6506,720575940618075707
-4,-2,0.707625,0.703134,-0.069788,94.0018,-44.8176,720575940623110750
-1,-7,0.162885,0.967374,-0.194049,101.1892,-80.4422,720575940633918968
-9,4,0.998777,0.039527,-0.029693,91.7015,-2.2663,720575940623456024
-7,2,0.953431,0.301499,-0.008203,90.47,-17.5483,720575940640791203
-2,-5,0.402738,0.906094,-0.129597,97.4463,-66.036,720575940634658530
0,-9,-0.095194,0.960578,-0.261206,105.1417,-95.6596,720575940639496245
-6,1,0.901157,0.433332,-0.011794,90.6758,-25.6811,720575940615049046
1,-12,-0.491327,0.774981,-0.397495,113.4216,-122.3741,720575940626584522
-3,-3,0.59822,0.79778,-0.075362,94.322,-53.1354,720575940628010395
-5,0,0.836701,0.547256,-0.021035,91.2053,-33.1873,720575940613622946
1,-11,-0.387181,0.852515,-0.351153,110.5579,-114.4258,720575940631639656
-1,-6,0.256575,0.955819,-0.143452,98.2477,-74.9741,720575940622901236
0,-8,-0.00141,0.975756,-0.218858,102.642,-90.0828,720575940626711242
-4,-1,0.756764,0.653256,-0.023765,91.3618,-40.8015,720575940620253872
-2,-4,0.476129,0.875256,-0.085017,94.877,-61.4544,720575940609372252
1,-10,-0.278281,0.914435,-0.293885,107.0907,-106.9261,720575940612104034
-8,4,0.994692,0.102519,0.008805,89.4955,-5.8844,720575940622544297
-7,3,0.973309,0.228863,0.017075,89.0216,-13.2321,720575940617313236
-9,5,0.999317,-0.025077,-0.027135,91.5549,1.4375,720575940620721856
-6,2,0.92867,0.369855,0.027926,88.3998,-21.7156,720575940627804286
0,-7,0.091929,0.981213,-0.16962,99.7657,-84.6476,720575940620540977
-3,-2,0.656269,0.753752,-0.034188,91.9592,-48.9549,720575940632172492
-1,-5,0.33351,0.937658,-0.097818,95.6135,-70.4203,720575940645965847
-5,1,0.869373,0.493877,0.016642,89.0464,-29.6002,720575940630019995
1,-9,-0.1722,0.958143,-0.228714,103.2214,-100.1886,720575940650356857
2,-12,-0.558044,0.740059,-0.375367,112.047,-127.0182,720575940637933656
-2,-3,0.539758,0.840974,-0.037729,92.1622,-57.3066,720575940626978874
-4,0,0.798804,0.601434,0.013762,89.2115,-36.9767,720575940633110343
2,-11,-0.463163,0.824906,-0.324052,108.9082,-119.313,720575940627409180
0,-6,0.181692,0.976649,-0.114653,96.5836,-79.4614,720575940616713778
1,-8,-0.076436,0.98068,-0.180069,100.3738,-94.4567,720575940625018860
-8,5,0.998935,0.041315,0.020536,88.8233,-2.3683,720575940615203259
-7,4,0.985786,0.163184,0.039957,87.71,-9.3993,720575940652026358
-3,-1,0.713636,0.700435,0.010699,89.387,-44.4651,720575940624872887
-6,3,0.950729,0.305408,0.053289,86.9453,-17.8089,720575940632772655
-1,-4,0.407766,0.9116,-0.052081,92.9854,-65.9007,720575940614268050
2,-10,-0.359283,0.893211,-0.270351,105.6852,-111.9118,720575940617211724
-5,2,0.900316,0.431578,0.05631,86.772,-25.6113,720575940635070063
-2,-2,0.596149,0.802847,0.006647,89.6192,-53.4045,720575940620344097
1,-7,0.020882,0.990439,-0.136364,97.8375,-88.7922,720575940619239734
-4,1,0.833541,0.550383,0.047831,87.2584,-33.4366,720575940628390543
2,-9,-0.252276,0.946166,-0.202795,101.7004,-104.9294,720575940626231068
0,-5,0.261933,0.963086,-0.062098,93.5602,-74.7851,720575940634993433
3,-12,-0.62722,0.693565,-0.354349,110.7535,-132.1244,720575940626310568
-1,-3,0.478578,0.878041,-0.002481,90.1422,-61.4073,720575940619321991
-3,0,0.760522,0.647577,0.047444,87.2806,-40.4141,720575940618046587
-8,6,0.999437,-0.026516,0.020568,88.8215,1.5198,720575940620146256
-7,5,0.993821,0.096992,0.053962,86.9067,-5.5741,720575940617919115
-6,4,0.970191,0.232483,0.068423,86.0766,-13.4755,720575940611858274
3,-11,-0.536221,0.788964,-0.300004,107.4579,-124.2021,720575940618519163
1,-6,0.110745,0.990033,-0.087002,94.9912,-83.6175,720575940613903477
2,-8,-0.155209,0.97702,-0.146087,98.4002,-99.0265,720575940629523697
-5,3,0.925531,0.369679,0.082038,85.2943,-21.7729,720575940642527707
-2,-1,0.659334,0.750431,0.046182,87.353,-48.6972,720575940617426333
0,-4,0.339328,0.940492,-0.018208,91.0433,-70.1607,720575940625807972
3,-10,-0.435021,0.8666,-0.244459,104.1498,-116.656,720575940625954579
-4,2,0.867952,0.490153,0.080061,85.4079,-29.4544,720575940622034390
-1,-2,0.542181,0.839267,0.040866,87.6579,-57.1368,720575940641611739
-3,1,0.796786,0.599367,0.076753,85.598,-36.9516,720575940624103148
2,-7,-0.059935,0.993062,-0.101174,95.8068,-93.4538,720575940629067205
1,-5,0.19521,0.980061,-0.037067,92.1243,-78.7351,720575940638675253
3,-9,-0.330856,0.925705,-0.183317,100.563,-109.6674,720575940613707542
-7,6,0.997382,0.035445,0.063033,86.3861,-2.0353,720575940622365985
-8,7,0.994221,-0.105954,0.017248,89.0117,6.0831,720575940632382767
-6,5,0.983163,0.163057,0.082479,85.2689,-9.4168,720575940615466562
-2,0,0.712525,0.697424,0.076861,85.5918,-44.3864,720575940631104512
-5,4,0.947591,0.303686,0.09923,84.3052,-17.7697,720575940639068288
0,-3,0.41446,0.909633,0.028117,88.3888,-65.5044,720575940638763061
4,-11,-0.609698,0.741981,-0.278805,106.1889,-129.4105,720575940624434685
-4,3,0.896969,0.428718,0.107924,83.8043,-25.5461,720575940605243424
2,-6,0.036622,0.997721,-0.056678,93.2492,-87.8979,720575940614427253
3,-8,-0.23058,0.965461,-0.121318,96.9682,-103.4323,720575940628471292
-1,-1,0.600339,0.796024,0.077061,85.5803,-52.9774,720575940630263234
-3,2,0.829554,0.549075,0.101772,84.1588,-33.5002,720575940618461723
1,-4,0.274721,0.961466,0.010604,89.3924,-74.0537,720575940641000400
4,-10,-0.512517,0.828796,-0.224553,102.9766,-121.7321,720575940628202796
-7,7,0.997324,-0.030935,0.066242,86.2018,1.7766,720575940627725072
-6,6,0.991698,0.090309,0.091541,84.7477,-5.2033,720575940632299538
-2,1,0.755694,0.647237,0.100055,84.2576,-40.5794,720575940617653877
0,-2,0.484245,0.872382,0.06676,86.1721,-60.9661,720575940621059422
-5,5,0.965325,0.237168,0.109087,83.7373,-13.8034,720575940626776597
3,-7,-0.140603,0.987602,-0.069812,94.0032,-98.1026,720575940615452305
2,-5,0.128745,0.991629,-0.009853,90.5645,-82.6026,720575940627357289
4,-9,-0.408755,0.897368,-0.166283,99.5718,-114.4895,720575940630780357
-4,4,0.923062,0.362911,0.127486,82.6756,-21.4628,720575940617223867
-1,0,0.658869,0.744923,0.104795,83.9846,-48.5079,720575940613081041
1,-3,0.352321,0.934282,0.05465,86.8672,-69.3384,720575940610316242
-3,3,0.861019,0.49264,0.126299,82.7442,-29.7764,720575940624376039
4,-8,-0.308706,0.945091,-0.107252,96.1569,-108.0892,720575940637562458
-7,8,0.993648,-0.09517,0.060052,86.5572,5.471,720575940610277017
3,-6,-0.049095,0.998543,-0.022388,91.2829,-92.8148,720575940617013042
0,-1,0.547956,0.830559,0.099575,84.2853,-56.5854,720575940627360168
-6,7,0.994431,0.029039,0.101307,84.1856,-1.6727,720575940622896861
-2,2,0.791665,0.599136,0.11959,83.1316,-37.1186,720575940635178744
5,-10,-0.593136,0.778173,-0.206483,101.9163,-127.3152,720575940639151679
2,-4,0.210975,0.976829,0.035995,87.9372,-77.8125,720575940606863026
-5,6,0.978236,0.163236,0.128095,82.6405,-9.4735,720575940627419906
-4,5,0.940279,0.306237,0.148645,81.4516,-18.0398,720575940626742921
-1,1,0.70563,0.698362,0.119904,83.1135,-44.7034,720575940629829175
1,-2,0.422962,0.901524,0.091424,84.7545,-64.8658,720575940623873063
4,-7,-0.215728,0.975366,-0.04606,92.64,-102.4717,720575940623800573
-3,4,0.890744,0.427234,0.155067,81.0793,-25.6241,720575940638114630
5,-9,-0.489427,0.859924,-0.144883,98.3305,-119.6464,720575940629591543
3,-5,0.050222,0.998524,0.020703,88.8137,-87.1207,720575940632959583
0,0,0.603922,0.787345,0.123959,82.8794,-52.5105,720575940622516504
-2,3,0.822856,0.549076,0.146366,81.5836,-33.7144,720575940630419852
-6,8,0.993032,-0.035171,0.112472,83.5422,2.0285,720575940607447241
2,-3,0.28813,0.954578,0.075907,85.6467,-73.2041,720575940621975254
-5,7,0.984968,0.092238,0.146048,81.602,-5.3499,720575940612248418
5,-8,-0.388003,0.917529,-0.087149,94.9996,-112.9224,720575940618416517
1,-1,0.485692,0.866332,0.116496,83.3101,-60.7237,720575940625249072
-1,2,0.74603,0.650536,0.142276,81.8204,-41.0883,720575940638571583
-4,6,0.955651,0.239092,0.171948,80.0989,-14.0464,720575940624001288
4,-6,-0.12603,0.992012,0.005334,89.6944,-97.2404,720575940627035153
6,-10,-0.67963,0.709646,-0.185757,100.7053,-133.7623,720575940609868949
3,-4,0.141307,0.988194,0.059201,86.6061,-81.8622,720575940625630014
-3,5,0.91215,0.367227,0.182006,79.5134,-21.9295,720575940615643835
0,1,0.652385,0.743306,0.147952,81.4917,-48.7272,720575940633989472
2,-2,0.357078,0.927865,0.107522,83.8275,-68.9513,720575940621318271
-2,4,0.851911,0.490419,0.183673,79.4162,-29.9277,720575940617995860
-6,9,0.986729,-0.100223,0.127752,82.6603,5.7997,720575940613433241
5,-7,-0.29174,0.95617,-0.025035,91.4345,-106.9676,720575940629822763
-5,8,0.987066,0.029974,0.157487,80.939,-1.7393,720575940617537209
6,-9,-0.573677,0.810263,-0.119868,96.8845,-125.299,720575940628462700
1,0,0.543171,0.826663,0.146945,81.5501,-56.6925,720575940615517746
4,-5,-0.033448,0.998272,0.04831,87.231,-91.919,720575940613079932
-1,3,0.780888,0.600576,0.17182,80.1063,-37.5636,720575940606058412
-4,7,0.966998,0.161799,0.196815,78.6492,-9.4988,720575940623122175
3,-3,0.217217,0.971792,0.091857,84.7296,-77.4003,720575940636985230
-3,6,0.928149,0.306934,0.210549,77.8455,-18.2988,720575940619275643
0,2,0.697096,0.695742,0.173205,80.0258,-44.9443,720575940618504395
2,-1,0.416336,0.898973,0.136058,82.1802,-65.15,720575940629671696
6,-8,-0.473971,0.878334,-0.062298,93.5717,-118.3524,720575940605017312
5,-6,-0.203054,0.978795,0.026992,88.4533,-101.7199,720575940620800020
-2,5,0.874925,0.432392,0.218046,77.4057,-26.2988,720575940621602013
4,-4,0.057595,0.995071,0.08073,85.3695,-86.6874,720575940628959431
1,1,0.59764,0.781316,0.179922,79.6348,-52.5871,720575940622209868
-5,9,0.985161,-0.038655,0.167221,80.3737,2.247,720575940614084015
3,-2,0.286277,0.949914,0.125332,82.8001,-73.2287,720575940638692405
-1,4,0.80997,0.546525,0.212742,77.7169,-34.0094,720575940635869303
-4,8,0.973268,0.094571,0.209299,77.9187,-5.5499,720575940613634070
7,-9,-0.670705,0.734653,-0.102177,95.8645,-132.3947,720575940640017717
6,-7,-0.370803,0.928711,0.001008,89.9422,-111.7651,720575940637413006
0,3,0.736029,0.644307,0.207679,78.0136,-41.1983,720575940620872630
2,0,0.472124,0.864255,0.173674,79.9985,-61.3532,720575940623120618
-3,7,0.944474,0.226782,0.237776,76.2447,-13.502,720575940628095560
5,-5,-0.116322,0.990853,0.068408,86.0775,-96.6957,720575940629645927
4,-3,0.140076,0.983309,0.116114,83.3321,-81.8926,720575940638694197
-2,6,0.896316,0.367978,0.247407,75.6759,-22.3203,720575940619249019
-5,10,0.976594,-0.116154,0.181031,79.5702,6.7828,720575940639590470
1,2,0.642809,0.735429,0.214341,77.6232,-48.8446,720575940623670763
3,-1,0.342565,0.926023,0.158526,80.8786,-69.699,720575940622099638
7,-8,-0.569024,0.821474,-0.037327,92.1391,-124.7098,720575940642544091
6,-6,-0.279324,0.95868,0.053948,86.9075,-106.2442,720575940626977226
-1,5,0.834936,0.48839,0.253689,75.3041,-30.3252,720575940618856710
-4,9,0.976305,0.030724,0.214208,77.631,-1.8025,720575940640156504
5,-4,-0.033597,0.993925,0.104803,83.9842,-91.936,720575940618492283
2,1,0.530628,0.819825,0.215223,77.5714,-57.0872,720575940622620138
0,4,0.765793,0.593683,0.247186,75.689,-37.7847,720575940637557567
-3,8,0.954401,0.151282,0.257357,75.0867,-9.007,720575940618194491
4,-2,0.207717,0.966353,0.151706,81.2742,-77.8689,720575940638279999
8,-9,-0.763624,0.639665,-0.087785,95.0362,-140.0481,720575940626639106
7,-7,-0.465844,0.884617,0.021022,88.7955,-117.7715,720575940634743136
-2,7,0.914885,0.296234,0.274284,74.0807,-17.9417,720575940633570656
1,3,0.683433,0.68593,0.24984,75.5319,-45.1045,720575940625087434
3,0,0.399607,0.894787,0.199174,78.5113,-65.9347,720575940625004981
6,-5,-0.200663,0.975315,0.092172,84.7114,-101.6259,720575940622424325
-1,6,0.858931,0.424404,0.286563,73.3477,-26.2943,720575940612861182
-4,10,0.974288,-0.036382,0.222351,77.1529,2.1385,720575940634876441
5,-3,0.049229,0.98823,0.144835,81.6723,-87.1481,720575940621216752
2,2,0.58268,0.771677,0.254949,75.2294,-52.9442,720575940613796246
8,-8,-0.667178,0.744481,-0.02494,91.4291,-131.8656,720575940611642773
4,-1,0.268436,0.944465,0.189548,79.0736,-74.1338,720575940620044481
-3,9,0.959336,0.093841,0.26621,74.5611,-5.5869,720575940621142407
0,5,0.791973,0.538365,0.287996,73.262,-34.2069,720575940630036162
7,-6,-0.363546,0.928199,0.079253,85.4544,-111.3887,720575940610174387
6,-4,-0.122135,0.983742,0.13166,82.4345,-97.0772,720575940610315749
-2,8,0.930722,0.214689,0.296085,72.7774,-12.9892,720575940622636713
3,1,0.456545,0.854752,0.246912,75.7052,-61.8922,720575940622710298
1,4,0.71774,0.634657,0.286461,73.3538,-41.4845,720575940624581670
-4,11,0.968957,-0.099397,0.226369,76.9166,5.857,720575940637213047
5,-2,0.125227,0.974884,0.184173,79.3871,-82.6803,720575940622912041
9,-9,-0.849109,0.522915,-0.074657,94.2815,-148.3736,720575940608921097
-1,7,0.881349,0.351538,0.315667,71.5989,-21.7453,720575940609756427
8,-7,-0.562248,0.826221,0.035156,87.9853,-124.2355,720575940621545862
2,3,0.627713,0.722526,0.28971,73.1594,-49.0167,720575940634844060
7,-5,-0.281183,0.951635,0.123804,82.8883,-106.461,720575940620456801
4,0,0.328929,0.915695,0.230887,76.6507,-70.2411,720575940627484657
-3,10,0.960755,0.033205,0.275402,74.014,-1.9794,720575940637019255
0,6,0.817713,0.476962,0.322262,71.2002,-30.2545,720575940618959622
6,-3,-0.044892,0.983996,0.172446,80.07,-92.6122,720575940621444869
9,-8,-0.763734,0.645239,-0.019419,91.1127,-139.8072,720575940611437846
3,2,0.513825,0.806846,0.29152,73.051,-57.5097,720575940642403573
-2,9,0.938481,0.147018,0.312473,71.7917,-8.9033,720575940629786779
1,5,0.746187,0.582168,0.322933,71.1596,-37.961,720575940619737222
8,-6,-0.4559,0.885798,0.086704,85.026,-117.2339,720575940614455277
5,-1,0.185988,0.957573,0.220142,77.2826,-79.0084,720575940617719350
-1,8,0.898887,0.276519,0.339911,70.1285,-17.0992,720575940621123055
7,-4,-0.206353,0.964136,0.166914,80.3916,-102.0807,720575940609276171
2,4,0.665609,0.672103,0.324409,71.0702,-45.2782,720575940644398190
4,1,0.385334,0.880206,0.277046,73.916,-66.3573,720575940623893223
-3,11,0.958974,-0.028347,0.282072,73.6161,1.6931,720575940633202828
0,7,0.842198,0.405323,0.355549,69.1729,-25.7,720575940618887515
6,-2,0.032409,0.976083,0.214967,77.5864,-88.0983,720575940627915819
9,-7,-0.66009,0.750085,0.040659,87.6698,-131.3484,720575940636258623
3,3,0.565467,0.756736,0.328021,70.8513,-53.2312,720575940635080811
-2,10,0.939599,0.091819,0.329732,70.7475,-5.5813,720575940625341932
8,-5,-0.367724,0.918766,0.143692,81.7384,-111.8131,720575940626710053
1,6,0.773045,0.524509,0.356781,69.0974,-34.1568,720575940622005620
5,0,0.253056,0.931088,0.262751,74.7667,-74.7952,720575940626008445
10,-8,-0.852328,0.522973,-0.006046,90.3464,-148.4674,720575940628339528
7,-3,-0.131089,0.969619,0.20653,78.0809,-97.6995,720575940619605639
-1,9,0.911638,0.202182,0.357824,69.0334,-12.5046,720575940639373245
2,5,0.698341,0.618514,0.360223,68.8861,-41.531,720575940644213028
4,2,0.443742,0.834753,0.326007,70.9734,-62.0056,720575940617033309
9,-6,-0.553665,0.827524,0.093059,84.6604,-123.785,720575940612382634
6,-1,0.10216,0.960873,0.257462,75.0805,-83.9311,720575940606009534
0,8,0.862868,0.330853,0.382093,67.5366,-20.9785,720575940619026203
3,4,0.60932,0.706416,0.360147,68.8908,-49.2205,720575940627209828
8,-4,-0.291032,0.935939,0.198288,78.5632,-107.2732,720575940640674293
10,-7,-0.759119,0.65013,0.032694,88.1265,-139.4223,720575940615133115
-2,11,0.938458,0.032742,0.343838,69.8891,-1.9982,720575940633245092
5,1,0.31765,0.895984,0.310339,71.9203,-70.4792,720575940622823914
1,7,0.798204,0.457553,0.391811,66.9328,-29.8225,720575940609743736
7,-2,-0.055633,0.967744,0.245717,75.7758,-93.2902,720575940639594624
-1,10,0.915724,0.140723,0.376359,67.8916,-8.7365,720575940622870860
4,3,0.498538,0.785724,0.366194,68.5189,-57.6051,720575940617128331
9,-5,-0.46037,0.874682,0.151629,81.2787,-117.7591,720575940622383624
2,6,0.726509,0.563069,0.393877,66.8041,-37.7769,720575940616457867
6,0,0.17179,0.939749,0.295566,72.8085,-79.6405,720575940628573994
0,9,0.8796,0.253571,0.402499,66.2655,-16.0812,720575940627090106
8,-3,-0.21499,0.946355,0.24123,76.0409,-102.7991,720575940621582156
10,-6,-0.655756,0.749109,0.093913,84.6112,-131.1983,720575940621773921
-2,12,0.930235,-0.029563,0.365772,68.5449,1.8203,720575940624230839
3,5,0.644205,0.653755,0.396994,66.6096,-45.4216,720575940626292376
5,2,0.375056,0.855846,0.356175,69.1345,-66.3356,720575940608212828
1,8,0.820032,0.385303,0.42319,64.9639,-25.1671,720575940620120454
11,-7,-0.864233,0.502977,0.010705,89.3866,-149.8009,720575940613398386
7,-1,0.014956,0.956354,0.291827,73.0327,-89.104,720575940621550830
-1,11,0.916503,0.082222,0.391486,66.953,-5.1264,720575940622344820
9,-4,-0.379212,0.900427,0.213142,77.6935,-112.8382,720575940623048662
4,4,0.54365,0.73791,0.399916,66.4271,-53.6193,720575940615471884
2,7,0.753116,0.498391,0.429444,64.5677,-33.4955,720575940633232199
6,1,0.24089,0.907863,0.343157,69.9307,-75.1397,720575940624198437
0,10,0.886539,0.191694,0.421073,65.0976,-12.2011,720575940624609353
8,-2,-0.141446,0.949463,0.280202,73.7278,-98.4733,720575940612779690
10,-5,-0.556964,0.81476,0.161113,80.7285,-124.3562,720575940627469903
3,6,0.676242,0.595181,0.434115,64.271,-41.352,720575940622307731
5,3,0.432902,0.807771,0.400127,66.4139,-61.8122,720575940647959172
1,9,0.838792,0.311621,0.446454,63.4836,-20.3806,720575940618129979
-1,12,0.915185,0.017226,0.402665,66.2551,-1.0783,720575940626298512
11,-6,-0.761475,0.641506,0.092879,84.6707,-139.8875,720575940629519515
7,0,0.087976,0.938087,0.335041,70.425,-84.6423,720575940632958163
9,-3,-0.301464,0.915003,0.268121,74.4475,-108.2354,720575940636572016
4,5,0.586598,0.681482,0.437591,64.0497,-49.2792,720575940636567408
2,8,0.776944,0.427225,0.462425,62.4563,-28.8054,720575940645907223
6,2,0.303505,0.870138,0.388258,67.1539,-70.7712,720575940627428124
0,11,0.890595,0.126543,0.436837,64.0978,-8.0869,720575940616492230
8,-1,-0.070945,0.941753,0.328736,70.8079,-94.3081,720575940627346856
10,-4,-0.472682,0.853135,0.220755,77.2466,-118.9888,720575940618302262
3,7,0.705768,0.532139,0.467675,62.1165,-37.0158,720575940617297803
-1,13,0.905579,-0.072688,0.417902,65.2978,4.5891,720575940633803415
5,4,0.480857,0.76001,0.437219,64.0734,-57.6785,720575940630934329
1,10,0.851259,0.24132,0.465963,62.2274,-15.8273,720575940618422254
7,1,0.159742,0.912897,0.375634,67.9365,-80.0747,720575940639318872
11,-5,-0.654058,0.737811,0.166864,80.3944,-131.5565,720575940631297583
9,-2,-0.231277,0.923294,0.306659,72.142,-104.0627,720575940637643748
4,6,0.623846,0.620853,0.474719,61.6589,-44.8622,720575940621894988
2,9,0.792836,0.366352,0.487029,60.8545,-24.8006,720575940634585113
6,3,0.363663,0.826251,0.430184,64.5208,-66.2439,720575940617590587
0,12,0.891316,0.065491,0.448627,63.3444,-4.2023,720575940620698192
8,0,0.000874,0.928724,0.370772,68.2368,-89.9461,720575940608390869
10,-3,-0.390004,0.877649,0.278621,73.8221,-113.9591,720575940626768650
3,8,0.729173,0.468525,0.49879,60.08,-32.7225,720575940631077903
5,5,0.521533,0.709105,0.474524,61.6716,-53.6663,720575940622588808
1,11,0.860935,0.173798,0.478106,61.4382,-11.413,720575940628195431
7,2,0.222799,0.880041,0.41939,65.2039,-75.793,720575940626941700
11,-4,-0.564439,0.79149,0.234417,76.4427,-125.494,720575940626180892
9,-1,-0.162944,0.919602,0.357465,69.0554,-100.0479,720575940631885476
0,13,0.887817,-0.002756,0.460188,62.6008,0.1779,720575940622249129
4,7,0.654264,0.557038,0.511515,59.2352,-40.4109,720575940608228107
12,-5,-0.763771,0.621732,0.173504,80.0084,-140.8534,720575940624863239
2,10,0.807078,0.299164,0.509045,59.3998,-20.3385,720575940622245033
6,4,0.415609,0.779391,0.468849,62.0404,-61.9313,720575940616077930
8,1,0.07642,0.908219,0.411458,65.7035,-85.1903,720575940619907742
10,-2,-0.314497,0.890992,0.327453,70.8858,-109.4417,720575940623939145
3,9,0.750031,0.402047,0.525177,58.3198,-28.1931,720575940624077240
5,6,0.564697,0.646915,0.512463,59.1719,-48.882,720575940646915875
1,12,0.864755,0.10496,0.491103,60.5869,-6.9205,720575940621244325
7,3,0.285712,0.838811,0.463427,62.3915,-71.1904,720575940630957568
11,-3,-0.481492,0.82618,0.292562,72.9886,-120.2333,720575940611028594
9,0,-0.093285,0.910795,0.402181,66.2854,-95.8479,720575940626571909
4,8,0.677758,0.500996,0.538189,57.4396,-36.4717,720575940627695749
2,11,0.822177,0.224289,0.523183,58.454,-15.2589,720575940621612897
13,-5,-0.863723,0.471843,0.177049,79.8021,-151.3527,720575940622129927
6,5,0.459113,0.728548,0.508362,59.4452,-57.7819,720575940627861233
12,-4,-0.662542,0.708089,0.244228,75.8638,-133.0967,720575940632391264
8,2,0.141319,0.881234,0.45106,63.1883,-80.8894,720575940626412688
1,13,0.864662,0.034798,0.501148,59.9241,-2.3046,720575940630276412
10,-1,-0.250052,0.892323,0.37581,67.9256,-105.6543,720575940650738297
3,10,0.763831,0.343648,0.546323,56.8849,-24.223,720575940630777206
5,7,0.598831,0.580021,0.552247,56.4787,-44.0859,720575940627323279
7,4,0.34346,0.792723,0.503612,59.7607,-66.5746,720575940612977066
2,12,0.832611,0.148537,0.533569,57.7531,-10.1151,720575940622006337
4,9,0.699212,0.436683,0.566048,55.5249,-31.9863,720575940627855366
9,1,-0.019166,0.897766,0.440056,63.8926,-91.223,720575940625306160
11,-2,-0.403369,0.847038,0.34615,69.748,-115.4643,720575940641947336
1,14,0.86154,-0.044517,0.505733,59.6199,2.9579,720575940609061077
6,6,0.49943,0.67171,0.547151,56.8282,-53.3684,720575940618489758
12,-3,-0.57865,0.755452,0.307336,72.1012,-127.4509,720575940612181221
8,3,0.202209,0.847257,0.491189,60.5812,-76.5767,720575940606034860
13,-4,-0.77252,0.581607,0.254848,75.2354,-143.025,720575940630317182
3,11,0.778992,0.271793,0.565067,55.5931,-19.2341,720575940615358119
10,0,-0.183007,0.884407,0.429339,64.5744,-101.691,720575940622468888
5,8,0.62134,0.524251,0.582321,54.3861,-40.1558,720575940628909434
7,5,0.391429,0.744123,0.541355,57.2241,-62.2544,720575940614856359
2,13,0.836275,0.073071,0.543419,57.0833,-4.9937,720575940625113579
4,10,0.719157,0.373319,0.586043,54.1233,-27.4341,720575940616896822
11,-1,-0.32927,0.858077,0.394062,66.7925,-110.9933,720575940626373784
9,2,0.054565,0.873816,0.483186,61.1063,-86.4269,720575940624126413
6,7,0.536525,0.607306,0.585935,54.1309,-48.541,720575940629330882
8,4,0.260542,0.804641,0.533545,57.7547,-72.0581,720575940632258575
12,-2,-0.499993,0.785311,0.365094,68.5867,-122.4841,720575940628664136
3,12,0.790902,0.193088,0.580682,54.5015,-13.7196,720575940624738997
13,-3,-0.683445,0.660757,0.310327,71.921,-135.967,720575940606594238
5,9,0.639771,0.467529,0.610008,52.4099,-36.1584,720575940625320462
10,1,-0.115001,0.875999,0.468401,62.0694,-97.479,720575940630967097
2,14,0.825545,-0.011732,0.564215,55.6522,0.8142,720575940620157611
7,6,0.436835,0.685071,0.582969,54.3403,-57.4764,720575940631093352
4,11,0.731621,0.309793,0.607255,52.6087,-22.9495,720575940624901524
9,3,0.118985,0.842334,0.525657,58.2875,-81.9598,720575940637192805
11,0,-0.264626,0.85333,0.449223,63.3062,-107.2292,720575940629488400
6,8,0.566248,0.541283,0.621592,51.5675,-43.7087,720575940647381556
3,13,0.800886,0.111543,0.588337,53.9609,-7.9288,720575940633242705
8,5,0.313363,0.75393,0.577402,54.732,-67.4303,720575940621536961
14,-3,-0.807462,0.512946,0.291363,73.0604,-147.5739,720575940629800347
5,10,0.659534,0.404046,0.633847,50.6654,-31.4926,720575940612098766
12,-1,-0.423278,0.802478,0.420552,65.1306,-117.81,720575940615376070
10,2,-0.04029,0.856557,0.514477,59.0375,-92.693,720575940613630631
7,7,0.473524,0.625501,0.6201,51.6766,-52.8731,720575940637468016
13,-2,-0.598599,0.708088,0.374553,68.0033,-130.2103,720575940632161491
4,12,0.742385,0.23751,0.626461,51.2105,-17.7409,720575940632281912
9,4,0.177377,0.805135,0.565946,55.532,-77.5758,720575940637305054
6,9,0.586819,0.485013,0.648387,49.5799,-39.5742,720575940625674698
3,14,0.800985,0.030914,0.597886,53.2814,-2.2102,720575940616322527
11,1,-0.205437,0.843024,0.497097,60.1919,-103.6955,720575940628562075
8,6,0.364615,0.695201,0.619477,51.722,-62.3242,720575940605687729
5,11,0.678483,0.339789,0.65131,49.3596,-26.602,720575940630818322
12,0,-0.3499,0.811872,0.467368,62.1364,-113.315,720575940610322115
10,3,0.026327,0.828221,0.559782,55.9593,-88.1794,720575940619834644
7,8,0.506287,0.56188,0.65419,49.1417,-47.9793,720575940627594005
4,13,0.757589,0.155926,0.633834,50.6664,-11.6301,720575940628350407
14,-2,-0.707869,0.604209,0.365858,68.5396,-139.5173,720575940623818277
13,-1,-0.525108,0.729073,0.438992,63.9604,-125.7629,720575940618559681
9,5,0.233501,0.756531,0.610851,52.349,-72.8473,720575940627192382
6,10,0.600347,0.428494,0.67526,47.5256,-35.5171,720575940645823028
11,2,-0.135897,0.832041,0.53781,57.4653,-99.2762,720575940618875905
8,7,0.411922,0.630692,0.657684,48.8765,-56.8504,720575940622178175
5,12,0.690838,0.270621,0.670453,47.8979,-21.3917,720575940622545961
4,14,0.763413,0.069959,0.642111,50.0506,-5.236,720575940624745655
10,4,0.088326,0.797601,0.596684,53.3673,-83.6808,720575940629959900
7,9,0.530041,0.501222,0.683983,46.8443,-43.3993,720575940625378056
12,1,-0.289077,0.80435,0.519091,58.7287,-109.768,720575940630921035
13,0,-0.45013,0.746728,0.489673,60.6809,-121.0817,720575940617916811
6,11,0.615487,0.365511,0.698267,45.7118,-30.7043,720575940637535589
14,-1,-0.629321,0.638968,0.442351,63.746,-134.5642,720575940640037966
9,6,0.288516,0.698029,0.655373,49.052,-67.5433,720575940620809894
11,3,-0.068264,0.80883,0.584067,54.2629,-94.8243,720575940618111296
5,13,0.707241,0.195988,0.679263,47.2139,-15.4889,720575940627661370
8,8,0.447293,0.573222,0.686546,46.6427,-52.0346,720575940639497781
4,15,0.759937,-0.02651,0.649456,49.4994,1.9979,720575940622105880
7,10,0.55187,0.444288,0.705725,45.1119,-38.8362,720575940644533527
15,-1,-0.731715,0.527672,0.431458,64.4399,-144.203,720575940647992708
10,5,0.149574,0.752199,0.641736,50.0786,-78.7535,720575940659700609
12,2,-0.228224,0.792253,0.565906,55.5348,-106.0701,720575940611865829
6,12,0.631906,0.299594,0.7148,44.3732,-25.3662,720575940620971173
9,7,0.340657,0.635439,0.692943,46.1365,-61.8044,720575940612868067
13,1,-0.377872,0.754544,0.536541,57.5515,-116.6014,720575940604470188
5,14,0.720391,0.112567,0.684372,46.8138,-8.8811,720575940639897203
14,0,-0.553538,0.667768,0.497677,60.1536,-129.6566,720575940643223319
8,9,0.46984,0.517631,0.715059,44.352,-47.7708,720575940619583902
11,4,-0.006277,0.782066,0.623164,51.4524,-90.4599,720575940654696097
7,11,0.565189,0.378467,0.733024,42.8595,-33.8074,720575940631093608
10,6,0.206474,0.698192,0.68549,46.7259,-73.5256,720575940634999647
6,13,0.65087,0.225931,0.724792,43.5484,-19.143,720575940645271588
5,15,0.724359,0.025012,0.688969,46.4514,-1.9776,720575940630275840
12,3,-0.163444,0.776416,0.608657,52.5075,-101.8878,720575940628469224
9,8,0.385584,0.577704,0.719433,43.9923,-56.2792,720575940618769969
15,0,-0.657203,0.562425,0.501759,59.8836,-139.4435,720575940636193784
13,2,-0.31245,0.746991,0.586838,54.067,-112.6985,720575940619484240
8,10,0.489044,0.459386,0.741485,42.1419,-43.2089,720575940617972549
14,1,-0.476109,0.687678,0.548106,56.7628,-124.6965,720575940629676367
11,5,0.058416,0.747088,0.662153,48.5357,-85.5291,720575940612028645
7,12,0.576601,0.3144,0.754111,41.0522,-28.602,720575940627900913
6,14,0.665404,0.145863,0.732094,42.9378,-12.3642,720575940611680718
10,7,0.25905,0.639601,0.723743,43.6356,-67.9511,720575940610865506
9,9,0.413032,0.529197,0.741185,42.1676,-52.0284,720575940612659826
12,4,-0.101006,0.75413,0.648911,49.5405,-97.6286,720575940625695162
8,11,0.51488,0.393184,0.761778,40.3788,-37.3669,720575940614810335
6,15,0.680651,0.055734,0.730485,43.073,-4.6812,720575940644873160
7,13,0.589657,0.251828,0.76739,39.8799,-23.1262,720575940614915582
11,6,0.115231,0.699082,0.705695,45.1143,-80.64,720575940621643041
13,3,-0.254668,0.729831,0.634422,50.6228,-109.236,720575940611108721
15,1,-0.57923,0.602409,0.549177,56.6894,-133.8762,720575940621300389
14,2,-0.403625,0.691485,0.599112,53.1937,-120.2724,720575940619144989
6,16,0.697767,-0.04509,0.714904,44.3646,3.6974,720575940621337792
10,8,0.308574,0.584737,0.750243,41.3885,-62.1787,720575940619635614
9,10,0.428845,0.471,0.770877,39.5673,-47.6821,720575940614606742
12,5,-0.033714,0.728487,0.684229,46.825,-92.6497,720575940606382793
16,1,-0.677155,0.48352,0.554679,56.3114,-144.4714,720575940633173933
8,12,0.530083,0.326137,0.782717,38.4899,-31.6021,720575940627630674
7,14,0.605127,0.174935,0.776672,39.0432,-16.124,720575940631861775
11,7,0.171207,0.64249,0.746923,41.6754,-75.0789,720575940615032799
13,4,-0.193181,0.714048,0.672917,47.7074,-105.1386,720575940616072821
10,9,0.345937,0.535864,0.77018,39.6299,-57.155,720575940624568846
15,2,-0.503882,0.622345,0.59899,53.2024,-128.9954,720575940621539494
14,3,-0.340277,0.680214,0.649246,49.5152,-116.5765,720575940622025505
9,11,0.451396,0.408983,0.793079,37.5258,-42.1779,720575940613978065
7,15,0.622865,0.086213,0.777564,38.9619,-7.8804,720575940632226371
8,13,0.538468,0.265644,0.799678,36.9006,-26.2586,720575940621499329
12,6,0.025864,0.688317,0.724949,43.5354,-87.8481,720575940620026816
7,16,0.627125,-0.009894,0.778856,38.844,0.9038,720575940621230757
11,8,0.224255,0.588226,0.776981,39.015,-69.1312,720575940605441638
16,2,-0.617446,0.537028,0.57477,54.9165,-138.9846,720575940630130391
10,10,0.370107,0.479431,0.795718,37.2769,-52.3328,720575940605288480
13,5,-0.127206,0.68947,0.713056,44.5159,-100.4534,720575940639399075
9,12,0.475411,0.34345,0.809955,35.9085,-35.8453,720575940621897648
8,14,0.552008,0.19503,0.81071,35.8346,-19.4588,720575940630282496
15,3,-0.42703,0.621342,0.656947,48.9325,-124.4996,720575940623457031
14,4,-0.28456,0.665868,0.68967,46.396,-113.1395,720575940614222590
12,7,0.081251,0.633683,0.769314,39.7077,-82.6934,720575940622909734
11,9,0.265329,0.537661,0.800326,36.8388,-63.7343,720575940623464375
10,11,0.387652,0.41988,0.820626,34.8525,-47.2854,720575940623344969
8,15,0.567535,0.110863,0.815852,35.3283,-11.053,720575940622532036
9,13,0.490473,0.279653,0.825367,34.3743,-29.6905,720575940610708292
13,6,-0.062327,0.660344,0.748372,41.5504,-95.3919,720575940607734729
16,3,-0.519615,0.554349,0.650152,49.447,-133.1476,720575940621376244
8,16,0.578845,0.025939,0.815025,35.4102,-2.5658,720575940635386464
14,5,-0.222138,0.647045,0.729374,43.166,-108.9479,720575940623340412
12,8,0.132293,0.583909,0.800967,36.7774,-77.2343,720575940617033556
15,4,-0.363287,0.611986,0.702492,45.3727,-120.6942,720575940611496750
17,3,-0.591678,0.486889,0.642539,50.0186,-140.5492,720575940620262527
11,10,0.296926,0.483842,0.823244,34.5891,-58.4632,720575940616677332
10,12,0.410123,0.356788,0.839346,32.9289,-41.0218,720575940623914509
9,14,0.49859,0.210714,0.840837,32.7714,-22.9099,720575940609038660
13,7,-0.009847,0.614988,0.788475,37.9568,-90.9173,720575940617381533
12,9,0.176446,0.529845,0.829537,33.9488,-71.5814,720575940626897930
11,11,0.318922,0.427097,0.846095,32.2105,-53.2506,720575940633780505
16,4,-0.44836,0.546955,0.706976,45.0106,-129.3428,720575940623475463
9,15,0.511561,0.12769,0.849706,31.8203,-14.0152,720575940631189445
10,13,0.430165,0.293295,0.853778,31.3751,-34.2869,720575940618641531
14,6,-0.157339,0.61633,0.77161,39.5013,-104.3208,720575940617927291
15,5,-0.305292,0.598864,0.740378,42.2364,-117.0118,720575940631330255
9,16,0.523762,0.043838,0.850736,31.7082,-4.7844,720575940620088941
13,8,0.041072,0.567926,0.822054,34.709,-85.8636,720575940626903634
17,4,-0.54825,0.477888,0.686327,46.6599,-138.9227,720575940616394939
9,17,0.530963,-0.056836,0.845487,32.2759,6.1098,720575940620751051
12,10,0.217185,0.476019,0.852195,31.5488,-65.475,720575940618989853
11,12,0.347064,0.365452,0.863708,30.2645,-46.4783,720575940651997686
10,14,0.439943,0.226302,0.869044,29.6523,-27.2208,720575940605354668
14,7,-0.103306,0.581358,0.807063,36.1901,-100.0761,720575940624438567
16,5,-0.385846,0.534767,0.751762,41.2567,-125.8113,720575940614109438
15,6,-0.246308,0.575572,0.779775,38.76,-113.1679,720575940630318956
13,9,0.087074,0.517361,0.851326,31.6438,-80.4464,720575940638823477
10,15,0.449548,0.144269,0.881529,28.1727,-17.7924,720575940636481528
12,11,0.250472,0.418879,0.872814,29.2127,-59.1223,720575940620211627
11,13,0.368251,0.301659,0.879428,28.4266,-39.3232,720575940614281523
17,5,-0.472392,0.461024,0.751201,41.3055,-135.6977,720575940644858916
14,8,-0.049763,0.542232,0.838754,32.9913,-95.2436,720575940643576520
10,16,0.463973,0.055399,0.884115,27.8572,-6.809,720575940621056109
18,5,-0.566259,0.366755,0.738134,42.4273,-147.0696,720575940617780283
13,10,0.129936,0.464414,0.876034,28.8324,-74.3692,720575940637399262
10,17,0.474659,-0.036848,0.879398,28.4302,4.439,720575940619896734
12,12,0.27939,0.361408,0.889565,27.1814,-52.2938,720575940617982021
11,14,0.381831,0.232638,0.894475,26.559,-31.3528,720575940626128016
15,7,-0.189059,0.541479,0.819181,34.9971,-109.2468,720575940617980957
16,6,-0.329279,0.523633,0.785738,38.2111,-122.1631,720575940622981153
14,9,0.004256,0.496429,0.868067,29.7653,-89.5088,720575940625807888
13,11,0.171214,0.407297,0.897104,26.2201,-67.1998,720575940646237550
11,15,0.388977,0.153852,0.908309,24.7272,-21.5803,720575940633337645
12,13,0.308126,0.303888,0.901505,25.6434,-44.6033,720575940644851912
17,6,-0.412121,0.452491,0.790828,37.7371,-132.3267,720575940631721017
15,8,-0.137838,0.50512,0.851971,31.5733,-105.2634,720575940621952636
16,7,-0.274376,0.498225,0.82249,34.6652,-118.8419,720575940619521729
11,16,0.398415,0.068995,0.914606,23.8501,-9.8247,720575940623723814
18,6,-0.502652,0.365167,0.783577,38.4107,-144.0023,720575940617469657
14,10,0.050125,0.449254,0.891997,26.8748,-83.6337,720575940611625877
13,12,0.204095,0.349824,0.914313,23.8916,-59.7397,720575940621761449
12,14,0.322754,0.238745,0.915877,23.6694,-36.4908,720575940613006614
11,17,0.407189,-0.018466,0.913157,24.0546,2.5966,720575940638779994
15,9,-0.088854,0.462799,0.881999,28.1156,-100.8681,720575940630033980
17,7,-0.3614,0.438285,0.82298,34.6157,-129.5083,720575940623263501
12,15,0.332101,0.16185,0.929254,21.6812,-25.9824,720575940624608841
16,8,-0.219639,0.469618,0.855113,31.2278,-115.0653,720575940629857783
14,11,0.089879,0.395474,0.914069,23.9261,-77.1959,720575940632263016
13,13,0.232138,0.291892,0.927853,21.8974,-51.5053,720575940628191228
18,7,-0.449967,0.358043,0.818129,35.1021,-141.4904,720575940614254130
12,16,0.342454,0.080017,0.936121,20.59,-13.1516,720575940627779205
15,10,-0.036709,0.420478,0.90656,24.9658,-94.9894,720575940625171955
13,14,0.255478,0.229796,0.939108,20.0976,-41.9706,720575940613097330
14,12,0.122204,0.333509,0.934793,20.8053,-69.8762,720575940629975195
17,8,-0.307372,0.416263,0.855715,31.1612,-126.4424,720575940612966546
16,9,-0.180506,0.424545,0.887231,27.4727,-113.034,720575940632315178
13,15,0.26801,0.158316,0.950319,18.1362,-30.5708,720575940624901047
15,11,0.009328,0.374331,0.927248,21.9902,-88.5725,720575940631966511
14,13,0.155194,0.271146,0.949945,18.205,-60.2148,720575940617783355
18,8,-0.398993,0.336304,0.853056,31.4544,-139.8731,720575940615729567
13,16,0.277822,0.081545,0.957165,16.8306,-16.3578,720575940637229175
16,10,-0.133843,0.378705,0.915788,23.6821,-109.4646,720575940617942201
17,9,-0.25903,0.380325,0.887838,27.3972,-124.2578,720575940625995568
15,12,0.044154,0.314283,0.948302,18.5039,-82.0027,720575940621699822
14,14,0.183133,0.206429,0.961171,16.0189,-48.4223,720575940641478864
18,9,-0.342429,0.310337,0.886811,27.5248,-137.8146,720575940628534790
14,15,0.198745,0.136241,0.970535,13.9432,-34.4309,720575940612506354
16,11,-0.078893,0.334182,0.939201,20.0822,-103.2831,720575940620543297
15,13,0.079406,0.245933,0.966029,14.9772,-72.1061,720575940644874020
17,10,-0.222858,0.333016,0.916206,23.6224,-123.7909,720575940644074144
14,16,0.204397,0.064228,0.976779,12.3716,-17.4442,720575940653538294
16,12,-0.036898,0.278812,0.959637,16.3344,-97.5387,720575940632147215
15,14,0.110059,0.175017,0.978395,11.9317,-57.8364,720575940623131305
18,10,-0.294648,0.275053,0.915166,23.7707,-136.9699,720575940632285068
17,11,-0.174117,0.283774,0.942951,19.4469,-121.5323,720575940647731332
19,10,-0.351673,0.191618,0.916302,23.6087,-151.4151,720575940617573718
15,15,0.127314,0.098785,0.986931,9.2733,-37.8085,720575940626122279
16,13,-0.002034,0.20921,0.977869,12.0766,-90.5571,720575940620312625
15,16,0.148834,0.021084,0.988637,8.6455,-8.0628,720575940623793993
17,12,-0.12156,0.227553,0.966148,14.9506,-118.1113,720575940623038814
18,11,-0.253234,0.229795,0.939716,19.9961,-137.7781,720575940618172500
16,14,0.022983,0.129721,0.991284,7.5702,-79.9532,720575940614356461
19,11,-0.321251,0.196053,0.926478,22.1077,-148.6051,720575940620014445
17,13,-0.081963,0.166623,0.982608,10.7014,-116.1928,720575940631492603
18,12,-0.200238,0.175319,0.963934,15.4349,-138.796,720575940628994603
17,14,-0.053479,0.08801,0.994683,5.911,-121.2847,720575940642297997
