p,q,x,y,z,theta,phi
-18,-12,0.404185,0.002281,-0.914675,156.1595,-0.3233
-18,-11,0.478969,-0.036444,-0.877075,151.2915,4.3512
-18,-10,0.553526,-0.03098,-0.832255,146.3311,3.2034
-17,-13,0.403359,-0.047158,-0.913826,156.0395,6.6683
-17,-12,0.458068,-0.127991,-0.879655,151.6007,15.6112
-18,-9,0.628519,-0.018376,-0.777577,141.0393,1.6747
-17,-11,0.511288,-0.120231,-0.850958,148.316,13.2329
-17,-10,0.575406,-0.120865,-0.808888,143.9874,11.8626
-16,-14,0.309691,-0.180184,-0.933609,159.0045,30.1917
-16,-13,0.387792,-0.188362,-0.902295,154.4615,25.9072
-18,-8,0.687317,-0.005502,-0.726337,136.5802,0.4587
-16,-12,0.457466,-0.200023,-0.866438,150.0474,23.617
-17,-9,0.641951,-0.112822,-0.758399,139.3233,9.9678
-16,-11,0.525916,-0.211416,-0.823842,145.4713,21.8999
-18,-7,0.733282,0.005712,-0.679901,132.8359,-0.4463
-17,-8,0.69585,-0.098614,-0.711385,135.3477,8.0661
-16,-10,0.586753,-0.205697,-0.783205,141.5549,19.319
-15,-15,0.232745,-0.243275,-0.941619,160.3253,46.2673
-15,-14,0.297611,-0.263295,-0.917662,156.5867,41.499
-15,-13,0.367718,-0.279825,-0.886838,152.4786,37.2704
-16,-9,0.648219,-0.195433,-0.735947,137.3873,16.7776
-15,-12,0.440965,-0.287826,-0.850122,148.2249,33.1332
-17,-7,0.744893,-0.077499,-0.662667,131.5036,5.9397
-15,-11,0.513605,-0.292599,-0.806595,143.7646,29.67
-18,-6,0.780066,0.037931,-0.624547,128.6489,-2.7838
-16,-8,0.700555,-0.181602,-0.690104,133.6384,14.5327
-15,-10,0.582426,-0.292269,-0.758524,139.3343,26.6481
-14,-15,0.18111,-0.30188,-0.935985,159.3879,59.0388
-14,-14,0.263401,-0.337136,-0.903858,154.6699,51.9998
-14,-13,0.342934,-0.358736,-0.868162,150.2457,46.2901
-14,-16,0.085476,-0.262257,-0.961205,163.9882,71.9479
-17,-6,0.788148,-0.048041,-0.613608,127.8509,3.4881
-15,-9,0.642188,-0.27628,-0.715027,135.6454,23.2782
-16,-7,0.744685,-0.164329,-0.64687,130.306,12.444
-14,-12,0.418457,-0.370718,-0.829133,146.0098,41.5382
-14,-11,0.491815,-0.373216,-0.786656,141.8741,37.1932
-17,-5,0.821814,0.002901,-0.569748,124.7326,-0.2023
-15,-8,0.697724,-0.261278,-0.667019,131.8374,20.5295
-16,-6,0.790932,-0.135723,-0.596662,126.6312,9.7371
-14,-10,0.562574,-0.373195,-0.737724,137.5379,33.5591
-13,-15,0.130228,-0.375507,-0.917625,156.5813,70.8732
-13,-14,0.21751,-0.407319,-0.887007,152.4995,61.8976
-13,-16,0.065515,-0.338025,-0.938854,159.86,79.0311
-13,-13,0.306156,-0.429556,-0.849559,148.1637,54.5215
-15,-7,0.742221,-0.241372,-0.625178,128.6953,18.0147
-17,-4,0.827724,0.055325,-0.558402,123.9454,-3.824
-14,-9,0.626967,-0.360163,-0.690793,133.6929,29.8753
-16,-5,0.827259,-0.094962,-0.553736,123.6237,6.5484
-13,-12,0.388017,-0.448543,-0.805141,143.6239,49.1382
-13,-11,0.464694,-0.454379,-0.76,139.4642,44.3569
-14,-8,0.683215,-0.340206,-0.646125,130.2501,26.4709
-15,-6,0.786679,-0.213718,-0.57919,125.3936,15.1988
-16,-4,0.855178,-0.045236,-0.516356,121.0882,3.028
-13,-10,0.53592,-0.449618,-0.714586,135.6093,39.9955
-17,-3,0.865841,0.092404,-0.491712,119.4532,-6.0916
-12,-15,0.079227,-0.445246,-0.891897,153.1125,79.9104
-12,-14,0.164928,-0.48251,-0.860223,149.3416,71.129
-14,-7,0.732827,-0.320335,-0.600291,126.8908,23.6112
-12,-16,0.004149,-0.405305,-0.914172,156.0884,89.4136
-15,-5,0.82902,-0.176955,-0.530483,122.0381,12.049
-12,-13,0.258949,-0.503286,-0.824408,145.5285,62.7735
-13,-9,0.602482,-0.437608,-0.667469,131.872,35.9925
-12,-17,-0.054669,-0.35959,-0.931507,158.671,98.6445
-12,-12,0.347273,-0.520405,-0.780115,141.2711,56.2843
-16,-3,0.882319,0.001659,-0.470649,118.0764,-0.1078
-14,-6,0.779951,-0.291692,-0.553708,123.6218,20.5052
-13,-8,0.660559,-0.421276,-0.621441,128.4215,32.528
-12,-11,0.426218,-0.525627,-0.736244,137.4124,50.9623
-15,-4,0.861835,-0.135898,-0.488642,119.2514,8.9609
-12,-10,0.500261,-0.522812,-0.690222,133.6477,46.2627
-11,-15,0.015927,-0.504086,-0.863507,149.7126,88.1903
-14,-5,0.824495,-0.253526,-0.505899,120.391,17.0923
-13,-7,0.71298,-0.401304,-0.574992,125.099,29.3732
-11,-16,-0.060213,-0.458017,-0.886902,152.4865,97.4894
-11,-14,0.109882,-0.54403,-0.83184,146.2882,78.5812
-16,-2,0.903078,0.046266,-0.426976,115.2758,-2.9328
-15,-3,0.890942,-0.089867,-0.445137,116.4321,5.7598
-11,-13,0.205787,-0.57257,-0.793609,142.5241,70.2311
-11,-17,-0.110197,-0.40259,-0.908723,155.3295,105.308
-12,-9,0.569788,-0.509698,-0.644632,130.1381,41.8139
-11,-12,0.298795,-0.590189,-0.749933,138.5845,63.1482
-13,-6,0.764259,-0.373344,-0.525854,121.7258,26.0357
-14,-4,0.862941,-0.214761,-0.457396,117.2192,13.9753
-12,-8,0.633985,-0.497545,-0.59204,126.3019,38.1244
-11,-11,0.384025,-0.595915,-0.705273,134.8516,57.201
-15,-2,0.915416,-0.042024,-0.400309,113.5975,2.6284
-16,-1,0.909705,0.126076,-0.395652,113.3067,-7.8904
-13,-5,0.813182,-0.332927,-0.477383,118.5146,22.2648
-11,-10,0.463555,-0.585529,-0.665036,131.6851,51.6319
-12,-7,0.688443,-0.478509,-0.545046,123.0278,34.8016
-10,-16,-0.119738,-0.499162,-0.858196,149.1146,103.4891
-14,-3,0.893093,-0.174124,-0.414809,114.5073,11.0324
-10,-15,-0.046742,-0.556087,-0.829808,146.0791,94.8047
-10,-14,0.043453,-0.595606,-0.8021,143.3311,85.8273
-10,-13,0.143919,-0.626652,-0.765895,139.9867,77.0655
-11,-9,0.53452,-0.572626,-0.621602,128.4332,46.9712
-13,-4,0.85544,-0.292551,-0.427359,115.3001,18.8801
-12,-6,0.740927,-0.451307,-0.497342,119.8243,31.3461
-15,-1,0.930936,0.015253,-0.364865,111.3993,-0.9387
-10,-12,0.242352,-0.652921,-0.717607,135.8573,69.636
-14,-2,0.917498,-0.125581,-0.377394,112.1723,7.7938
-11,-8,0.601639,-0.561674,-0.567937,124.6065,43.0324
-10,-11,0.332934,-0.66404,-0.669481,132.027,63.3719
-12,-5,0.792356,-0.417132,-0.445166,116.434,27.7643
-13,-3,0.888807,-0.252352,-0.382546,112.4915,15.8504
-10,-10,0.42152,-0.652525,-0.629708,129.0286,57.1382
-11,-7,0.662014,-0.544269,-0.515276,121.0159,39.425
-9,-15,-0.108568,-0.585631,-0.803274,143.4439,100.5026
-9,-16,-0.184815,-0.521969,-0.832701,146.3773,109.4976
-9,-14,-0.019148,-0.633643,-0.773389,140.6592,91.7309
-14,-1,0.93836,-0.072356,-0.338002,109.7552,4.4093
-15,0,0.945786,0.083457,-0.313884,108.2934,-5.0427
-9,-13,0.079282,-0.672857,-0.735512,137.3505,83.2799
-10,-9,0.496332,-0.640104,-0.586448,125.9054,52.2103
-12,-4,0.836751,-0.375018,-0.39901,113.5163,24.1411
-11,-6,0.715509,-0.517355,-0.469459,117.9992,35.8691
-13,-2,0.915073,-0.20716,-0.346014,110.2437,12.756
-9,-12,0.181927,-0.70322,-0.687302,133.4169,75.4953
-10,-8,0.565854,-0.62533,-0.537375,122.5051,47.8584
-9,-11,0.273069,-0.722178,-0.635525,129.4589,69.2875
-14,0,0.954058,-0.015005,-0.299247,107.4124,0.901
-12,-3,0.875634,-0.332035,-0.350738,110.5324,20.7664
-11,-5,0.768061,-0.487226,-0.415563,114.5548,32.3893
-8,-16,-0.237883,-0.52078,-0.819878,145.0726,114.5501
-13,-1,0.937906,-0.156936,-0.30936,108.0206,9.4991
-9,-10,0.36182,-0.719626,-0.592643,126.3448,63.3073
-8,-15,-0.175949,-0.606438,-0.775419,140.8431,106.1793
-10,-7,0.628969,-0.606882,-0.485894,119.071,43.9761
-8,-14,-0.088362,-0.662199,-0.7441,138.0819,97.6005
-8,-13,0.009558,-0.708166,-0.705981,134.9089,89.2267
-9,-9,0.446488,-0.706371,-0.549262,123.3164,57.7035
-12,-2,0.90558,-0.286949,-0.312385,108.203,17.5817
-14,1,0.958381,0.036468,-0.283154,106.4486,-2.1791
-11,-4,0.813413,-0.452947,-0.364964,111.4054,29.1111
-10,-6,0.685962,-0.580407,-0.438843,116.0301,40.2353
-8,-12,0.114282,-0.744709,-0.657532,131.1119,81.2755
-13,0,0.958244,-0.100423,-0.267738,105.5297,5.9827
-9,-8,0.519058,-0.693213,-0.500034,120.0023,53.1752
-8,-11,0.215299,-0.764809,-0.607217,127.3886,74.2777
-12,-1,0.932073,-0.238732,-0.272482,105.812,14.3663
-11,-3,0.854675,-0.409796,-0.318745,108.5871,25.6166
-10,-5,0.736727,-0.552877,-0.389308,112.9114,36.8864
-7,-16,-0.324961,-0.550826,-0.76876,140.2427,120.5386
-7,-15,-0.245859,-0.622997,-0.742582,137.9518,111.5361
-14,2,0.964461,0.083098,-0.250819,104.526,-4.9244
-8,-10,0.303489,-0.773261,-0.556743,123.8309,68.571
-9,-7,0.588819,-0.670412,-0.451487,116.8391,48.7073
-7,-14,-0.161091,-0.689902,-0.705751,134.8903,103.143
-13,1,0.971508,-0.046129,-0.232473,103.4427,2.7185
-7,-13,-0.062107,-0.736975,-0.673061,132.3037,94.8171
-11,-2,0.889153,-0.364361,-0.276852,106.0724,22.2831
-10,-4,0.785444,-0.521,-0.33412,109.519,33.5571
-8,-9,0.388052,-0.767616,-0.51008,120.6691,63.1821
-12,0,0.954368,-0.184297,-0.234984,103.5907,10.9298
-7,-12,0.047482,-0.776359,-0.6285,128.9396,86.5002
-9,-6,0.646939,-0.647976,-0.40199,113.7026,45.0459
-13,2,0.977686,0.005074,-0.210011,102.123,-0.2973
-7,-11,0.150771,-0.801498,-0.578679,125.3577,79.3465
-8,-8,0.467511,-0.753165,-0.462791,117.5674,58.1709
-10,-3,0.828373,-0.480313,-0.288267,106.7542,30.1063
-11,-1,0.920925,-0.311679,-0.233995,103.5324,18.698
-9,-5,0.699801,-0.620168,-0.354501,110.7629,41.5475
-6,-15,-0.313047,-0.634295,-0.706874,134.9812,116.2679
-12,1,0.972856,-0.124913,-0.194803,101.2332,7.3167
-6,-16,-0.386912,-0.573234,-0.722289,136.2438,124.0179
-7,-10,0.247868,-0.811294,-0.529494,121.9713,73.0109
-6,-14,-0.229738,-0.703494,-0.672545,132.2638,108.0853
-8,-7,0.539194,-0.732037,-0.416403,114.6077,53.6259
-6,-13,-0.137351,-0.757889,-0.637761,129.6251,100.2721
-10,-2,0.864475,-0.436318,-0.249619,104.4549,26.781
-13,3,0.979636,0.07261,-0.187193,100.789,-4.239
-11,0,0.945534,-0.258637,-0.197668,101.4006,15.2982
-7,-9,0.330061,-0.813311,-0.479151,118.63,67.9115
-9,-4,0.750316,-0.586816,-0.304422,107.7234,38.0287
-6,-12,-0.029673,-0.803731,-0.594253,126.4594,92.1143
-12,2,0.983371,-0.0707,-0.167283,99.6299,4.1123
-8,-6,0.603126,-0.708472,-0.366478,111.4986,49.5921
-6,-11,0.081034,-0.835301,-0.543789,122.9419,84.459
-7,-8,0.409838,-0.805246,-0.428501,115.3724,63.0257
-10,-1,0.899498,-0.385953,-0.204798,101.8177,23.223
-11,1,0.96535,-0.203117,-0.16384,99.4299,11.8822
-9,-3,0.796207,-0.547705,-0.257048,104.895,34.5238
-5,-15,-0.398158,-0.613417,-0.682048,133.0039,122.9869
-8,-5,0.658501,-0.681687,-0.318873,108.5948,45.9911
-6,-10,0.179461,-0.849859,-0.495514,119.7036,78.0762
-5,-14,-0.303551,-0.70517,-0.640775,129.8496,113.2902
-12,3,0.988817,-0.013593,-0.148511,98.5407,0.7876
-7,-7,0.484883,-0.787568,-0.380296,112.352,58.3806
-5,-13,-0.208871,-0.770828,-0.601828,127.001,105.1613
-10,0,0.930052,-0.330566,-0.160403,99.2303,19.5666
-9,-2,0.836151,-0.503722,-0.217063,102.5366,31.066
-6,-9,0.268709,-0.852485,-0.448403,116.6413,72.5048
-11,2,0.98206,-0.140157,-0.126154,97.2474,8.1223
-8,-4,0.711293,-0.647586,-0.273301,105.8608,42.3158
-5,-12,-0.107056,-0.819781,-0.562582,124.2345,97.4402
-7,-6,0.55483,-0.762893,-0.331901,109.3842,53.9727
-12,4,0.990231,0.058032,-0.126789,97.2841,-3.354
-5,-11,-0.000438,-0.861966,-0.506965,120.4619,90.0291
-9,-1,0.872984,-0.454745,-0.176368,100.1583,27.5154
-6,-8,0.348517,-0.849525,-0.396035,113.3305,67.6942
-10,1,0.953676,-0.273588,-0.125108,97.187,16.007
-4,-15,-0.465395,-0.596803,-0.653631,130.8159,127.9476
-8,-3,0.761542,-0.606447,-0.228639,103.217,38.5317
-11,3,0.990994,-0.08369,-0.104532,96.0002,4.8272
-4,-14,-0.383882,-0.690799,-0.612724,127.7867,119.0612
-7,-5,0.613933,-0.735484,-0.286619,106.6557,50.1471
-5,-10,0.102164,-0.883553,-0.457051,117.197,83.4042
-6,-7,0.426036,-0.835936,-0.345983,110.2418,62.9943
-4,-13,-0.28853,-0.771072,-0.567625,124.5848,110.5155
-10,2,0.974145,-0.207061,-0.090374,95.1851,12.0
-9,0,0.909284,-0.395539,-0.129425,97.4364,23.509
-8,-2,0.801817,-0.568509,-0.184085,100.6078,35.3376
-5,-9,0.198038,-0.890677,-0.409237,114.1569,77.4645
-4,-12,-0.181882,-0.830116,-0.527092,121.8092,102.3585
-11,4,0.996317,-0.017407,-0.083966,94.8165,1.0009
-7,-4,0.666175,-0.705133,-0.242894,104.0574,46.6273
-6,-6,0.498984,-0.814082,-0.297128,107.2852,58.4942
-4,-11,-0.078029,-0.874782,-0.478193,118.5674,95.0972
-5,-8,0.283185,-0.887522,-0.363471,111.3135,72.3035
-9,1,0.937646,-0.336212,-0.088211,95.0607,19.7263
-8,-1,0.841846,-0.52022,-0.143761,98.2655,31.7141
-10,3,0.986973,-0.150425,-0.057064,93.2713,8.6658
-7,-3,0.721479,-0.663489,-0.198115,101.4267,42.6024
-3,-14,-0.448475,-0.678813,-0.581449,125.5525,123.4517
-11,5,0.996007,0.054732,-0.070534,94.0447,-3.1453
-6,-5,0.568712,-0.783607,-0.250056,104.4808,54.0293
-4,-10,0.020513,-0.905779,-0.423254,115.0402,88.7027
-3,-13,-0.363559,-0.757794,-0.541823,122.8078,115.6298
-5,-7,0.364308,-0.877092,-0.313032,108.242,67.444
-9,2,0.958584,-0.279104,-0.056721,93.2516,16.2336
-8,0,0.882133,-0.460078,-0.100844,95.7878,27.5444
-10,4,0.995657,-0.086882,-0.033447,91.9167,4.987
-7,-2,0.768751,-0.620728,-0.154009,98.8593,38.9191
-4,-9,0.120616,-0.91997,-0.372971,111.899,82.5306
-3,-12,-0.258264,-0.830279,-0.493899,119.5972,107.2787
-6,-4,0.621897,-0.754234,-0.210653,102.1606,50.493
-5,-6,0.442153,-0.857126,-0.264266,105.3233,62.7128
-3,-11,-0.148793,-0.881069,-0.448974,116.6778,99.5855
-4,-8,0.211959,-0.920078,-0.329438,109.2347,77.0271
-10,5,0.99985,-0.011582,-0.012883,90.7381,0.6636
-9,3,0.976778,-0.21311,-0.022095,91.266,12.3077
-8,1,0.917851,-0.392792,-0.057135,93.2754,23.1684
-7,-1,0.807394,-0.579205,-0.11241,96.4542,35.6547
-2,-14,-0.513627,-0.654728,-0.554543,123.6792,128.1138
-6,-3,0.673498,-0.720468,-0.16531,99.5152,46.9299
-3,-10,-0.049571,-0.915896,-0.398342,113.4746,93.098
-2,-13,-0.434433,-0.736468,-0.518539,121.2343,120.5358
-5,-5,0.513237,-0.830663,-0.215841,102.4649,58.2896
-4,-7,0.297307,-0.912973,-0.279443,106.227,71.9623
-9,4,0.988122,-0.153449,0.008223,89.5289,8.8271
-8,2,0.940053,-0.340139,-0.024623,91.4109,19.8916
-10,6,0.996603,0.081088,0.01438,89.176,-4.6516
-2,-12,-0.335597,-0.815784,-0.471033,118.1014,112.3613
-7,0,0.8474,-0.526163,-0.071167,94.081,31.8368
-3,-9,0.042063,-0.937931,-0.344261,110.1367,87.4322
-6,-2,0.727224,-0.675614,-0.121205,96.9616,42.8931
-5,-4,0.578606,-0.797466,-0.171066,99.8498,54.037
-4,-6,0.37928,-0.896669,-0.228323,103.1984,67.0723
-2,-11,-0.225493,-0.881233,-0.415429,114.5464,104.3531
-9,5,0.995942,-0.082402,0.036174,87.9269,4.7298
-8,3,0.961484,-0.274781,0.006623,89.6205,15.9493
-3,-8,0.131635,-0.946985,-0.293072,107.042,82.0864
-7,1,0.888198,-0.458745,-0.025646,91.4696,27.3159
-1,-14,-0.587495,-0.621166,-0.518654,121.242,133.4043
-6,-1,0.774153,-0.62789,-0.080254,94.6032,39.0444
-5,-3,0.63134,-0.764514,-0.130108,97.4758,50.4499
-1,-13,-0.507283,-0.710684,-0.487435,119.1721,125.5191
-2,-10,-0.119357,-0.924124,-0.362972,111.2828,97.3594
-4,-5,0.456667,-0.87118,-0.180281,100.3861,62.3367
-9,6,0.998856,-0.004088,0.047638,87.2695,0.2345
-3,-7,0.223722,-0.943263,-0.245364,104.2034,76.6572
-1,-12,-0.416179,-0.791796,-0.447051,116.5546,117.727
-8,4,0.976842,-0.210366,0.039072,87.7608,12.1532
-7,2,0.917863,-0.396807,0.008443,89.5163,23.3796
-2,-9,-0.025874,-0.94867,-0.315207,108.3733,91.5623
-6,0,0.812287,-0.581819,-0.040945,92.3466,35.613
-5,-2,0.681796,-0.726203,-0.088229,95.0617,46.8065
-4,-4,0.525712,-0.839895,-0.134921,97.7541,57.9565
-1,-11,-0.308523,-0.867054,-0.391192,113.0287,109.587
-9,7,0.995324,0.080461,0.053448,86.9362,-4.6217
-3,-6,0.310373,-0.93033,-0.195334,101.2642,71.5504
-8,5,0.987114,-0.145909,0.065707,86.2325,8.4082
-2,-8,0.057876,-0.962231,-0.266012,105.4271,86.5579
-7,3,0.939672,-0.340205,0.035726,87.9526,19.9026
-6,1,0.851906,-0.523678,0.004221,89.7581,31.5796
0,-13,-0.594973,-0.663565,-0.453528,116.9703,131.8804
-1,-10,-0.198114,-0.922605,-0.330986,109.3286,102.1193
-5,-1,0.7372,-0.674184,-0.044855,92.5709,42.4435
-4,-3,0.584646,-0.805953,-0.092891,95.33,54.0425
-3,-5,0.390424,-0.908955,-0.146183,98.4058,66.755
-8,6,0.993846,-0.074338,0.082127,85.2892,4.2777
0,-12,-0.492176,-0.764227,-0.416797,114.6326,122.7823
-7,4,0.959502,-0.274261,0.06432,86.3122,15.9519
-2,-7,0.146808,-0.966157,-0.212105,102.2457,81.36
-6,2,0.887057,-0.459705,0.042439,87.5677,27.3948
-1,-9,-0.098276,-0.955989,-0.276455,106.0488,95.8694
-5,0,0.77793,-0.628328,-0.005391,90.3089,38.9275
0,-11,-0.391652,-0.84282,-0.369137,111.6624,114.9239
-8,7,0.99646,-0.001016,0.08406,85.178,0.0584
-4,-2,0.636243,-0.769421,-0.056454,93.2363,50.4123
-3,-4,0.465269,-0.879184,-0.102766,95.8984,62.112
-7,5,0.972843,-0.2134,0.089651,84.8565,12.3723
-2,-6,0.238729,-0.957282,-0.163154,99.39,75.9971
-1,-8,-0.010409,-0.972869,-0.231121,103.3631,90.613
-6,3,0.913723,-0.400999,0.065653,86.2356,23.6949
1,-13,-0.630239,-0.657356,-0.413137,114.4021,133.7935
-8,8,0.994608,0.070676,0.075894,85.6474,-4.0646
0,-10,-0.278738,-0.909339,-0.308881,107.9918,107.0418
-5,1,0.815353,-0.578006,0.033276,88.093,35.3329
-4,-1,0.691531,-0.722245,-0.012155,90.6965,46.2445
1,-12,-0.563662,-0.730456,-0.385642,112.6836,127.6558
-7,6,0.983874,-0.144661,0.105194,83.9617,8.3644
-3,-3,0.530845,-0.845361,-0.059743,93.425,57.8732
-2,-5,0.318737,-0.940352,-0.118934,96.8306,71.2757
-1,-7,0.074513,-0.980506,-0.181815,100.4755,85.6542
-6,4,0.936911,-0.338975,0.085401,85.1009,19.8901
0,-9,-0.177166,-0.952159,-0.249009,104.4188,100.5403
-5,2,0.849321,-0.523543,0.067502,86.1295,31.6507
1,-11,-0.472537,-0.812297,-0.341881,109.9915,120.1878
-7,7,0.990303,-0.072452,0.118537,83.1923,4.1844
-4,0,0.739917,-0.672096,0.02845,88.3697,42.2501
-3,-2,0.589105,-0.80781,-0.019956,91.1435,53.8981
-2,-4,0.400859,-0.913223,-0.073047,94.189,66.3009
-6,5,0.955238,-0.275215,0.108526,83.7697,16.0723
-1,-6,0.164742,-0.977931,-0.128497,97.3827,80.4377
0,-8,-0.085909,-0.976982,-0.195256,101.2597,95.0253
1,-10,-0.365553,-0.885993,-0.285285,106.5759,112.4206
-7,8,0.992029,0.00018,0.126006,82.7611,-0.0104
-5,3,0.880884,-0.464032,0.093366,84.6427,27.7793
2,-12,-0.631559,-0.690564,-0.352498,110.6402,132.4447
-4,1,0.778297,-0.625152,0.058641,86.6382,38.7725
-6,6,0.96887,-0.208266,0.133854,82.3077,12.1316
-3,-1,0.644966,-0.763967,0.019328,88.8925,49.8278
-2,-3,0.4707,-0.881788,-0.029856,91.7109,61.9066
-7,9,0.990439,0.072698,0.117239,83.2672,-4.1979
-1,-5,0.245964,-0.965504,-0.085467,94.9029,75.7078
0,-7,0.001285,-0.988944,-0.148285,98.5276,89.9255
-5,4,0.908906,-0.403087,0.106823,83.8678,23.9166
1,-9,-0.259009,-0.939344,-0.224828,102.9928,105.4153
2,-11,-0.546786,-0.777278,-0.31123,108.1334,125.125
-4,2,0.812759,-0.576184,0.08622,85.0538,35.3337
-6,7,0.977729,-0.141284,0.155195,81.0719,8.2224
-3,0,0.695451,-0.716436,0.055373,86.8258,45.8515
-2,-2,0.535933,-0.844224,0.007873,89.5489,57.5917
-5,5,0.932197,-0.337549,0.130646,82.4931,19.9054
-1,-4,0.32692,-0.944019,-0.044179,92.5321,70.8987
2,-10,-0.449592,-0.855464,-0.257,104.8921,117.7243
0,-6,0.089449,-0.991013,-0.099457,95.7079,84.8424
1,-8,-0.161365,-0.972959,-0.165265,99.5126,99.4168
-6,8,0.9822,-0.07406,0.172623,80.0597,4.3121
3,-12,-0.719911,-0.600101,-0.348722,110.4092,140.1862
-4,3,0.844346,-0.524346,0.110187,83.6739,31.8406
-3,1,0.737306,-0.670694,0.080924,85.3583,42.2914
-5,6,0.948591,-0.272136,0.161607,80.6998,16.0073
-6,9,0.984234,-0.003011,0.176847,79.8139,0.1753
-2,-1,0.592416,-0.804421,0.044163,87.4688,53.6302
3,-11,-0.623409,-0.728037,-0.285173,106.5692,130.573
2,-9,-0.347696,-0.917135,-0.194862,101.2367,110.7623
-1,-3,0.409192,-0.912446,0.001957,89.8879,65.8459
1,-7,-0.07595,-0.990317,-0.116204,96.6731,94.3856
0,-5,0.174754,-0.983265,-0.051483,92.9511,79.9222
-4,4,0.873363,-0.467242,0.137556,82.0935,28.1464
-3,2,0.773727,-0.625162,0.102563,84.1132,38.9378
-6,10,0.983563,0.068572,0.167039,80.3843,-3.9881
-5,7,0.960247,-0.203867,0.190693,79.0068,11.9863
-2,0,0.644944,-0.760625,0.074144,85.748,49.7049
3,-10,-0.523264,-0.820913,-0.228685,103.2197,122.5142
-4,5,0.902014,-0.399341,0.164006,80.5605,23.88
-1,-2,0.478417,-0.877412,0.035558,87.9622,61.3982
2,-8,-0.244402,-0.960234,-0.134976,97.7572,104.2799
0,-4,0.254166,-0.967029,-0.015929,90.9127,75.2739
1,-6,0.014705,-0.997749,-0.065433,93.7517,89.1556
-5,8,0.966734,-0.139171,0.214609,77.6074,8.192
-3,3,0.804948,-0.578411,0.132287,82.3982,35.6999
4,-11,-0.713161,-0.647056,-0.269666,105.6444,137.7823
-2,1,0.691375,-0.716054,0.096266,84.4758,46.0046
-4,6,0.923019,-0.332478,0.193636,78.8349,19.8094
3,-9,-0.424257,-0.889739,-0.168433,99.6967,115.4934
-1,-1,0.536457,-0.841325,0.06623,86.2025,57.4771
-5,9,0.970686,-0.071833,0.229365,76.7403,4.2323
2,-7,-0.152286,-0.984906,-0.08228,94.7196,98.7894
0,-3,0.337028,-0.941166,0.02488,88.5743,70.2977
1,-5,0.105252,-0.994227,-0.020854,91.195,83.957
-3,4,0.834396,-0.524395,0.169686,80.2304,32.1482
-2,2,0.729544,-0.672314,0.125539,82.7881,42.6623
-4,7,0.938454,-0.263936,0.222805,77.1262,15.7084
4,-10,-0.60577,-0.768115,-0.207467,101.9739,128.2609
-5,10,0.971998,0.000797,0.234987,76.4092,-0.047
-1,0,0.591298,-0.801088,0.09287,84.6713,53.5682
3,-8,-0.327706,-0.938045,-0.112607,96.4656,109.2569
2,-6,-0.062793,-0.997407,-0.035152,92.0145,93.6024
0,-2,0.414749,-0.907911,0.060679,86.5212,65.4483
-3,5,0.865161,-0.457837,0.20465,78.191,27.8874
-5,11,0.969683,0.073812,0.232951,76.5291,-4.3529
1,-4,0.185839,-0.982489,0.01342,89.231,79.289
5,-11,-0.792545,-0.546459,-0.270656,105.7033,145.4138
-4,8,0.94712,-0.199281,0.251497,75.4339,11.8821
-2,3,0.763973,-0.625514,0.158357,80.8885,39.3094
4,-9,-0.50462,-0.850682,-0.147308,98.471,120.6762
-1,1,0.637295,-0.761393,0.118896,83.1716,50.0703
-3,6,0.889944,-0.391829,0.233388,76.5034,23.7632
3,-7,-0.227339,-0.972133,-0.057218,93.2802,103.1624
0,-1,0.476013,-0.875346,0.084739,85.139,61.4626
-4,9,0.953279,-0.127858,0.273701,74.1154,7.6392
1,-3,0.263904,-0.963539,0.044133,87.4705,74.6829
2,-5,0.03076,-0.99951,0.005764,89.6698,88.2373
5,-10,-0.695078,-0.689291,-0.204312,101.7892,135.2395
-2,4,0.79562,-0.571949,0.19966,78.4829,35.7113
-1,2,0.67823,-0.718745,0.153005,81.1989,46.6612
-3,7,0.908091,-0.327557,0.260917,74.8755,19.8349
4,-8,-0.403356,-0.910836,-0.087643,95.028,113.8857
-4,10,0.956214,-0.056636,0.287135,73.3135,3.3896
0,0,0.53428,-0.837063,0.117773,83.2364,57.4507
1,-2,0.34056,-0.93743,0.072418,85.8471,70.0344
3,-6,-0.138567,-0.990343,-0.004526,90.2593,97.965
-2,5,0.82619,-0.509499,0.24046,76.0863,31.6615
2,-4,0.117484,-0.992328,0.038493,87.7939,83.248
-4,11,0.954626,0.016563,0.297346,72.7017,-0.994
5,-9,-0.59297,-0.794877,-0.128675,97.393,126.7225
-3,8,0.921263,-0.259843,0.289407,73.1776,15.7511
-1,3,0.719203,-0.668489,0.189391,79.0827,42.907
6,-10,-0.784401,-0.579981,-0.219858,102.7007,143.521
-4,12,0.943306,0.103074,0.315516,71.608,-6.2359
0,1,0.581308,-0.800256,0.147214,81.5345,54.0053
4,-7,-0.300686,-0.95312,-0.033928,91.9443,107.5092
1,-1,0.410225,-0.905855,0.105557,83.9408,65.6361
-2,6,0.85317,-0.444995,0.272178,74.2061,27.5456
-3,9,0.931959,-0.181323,0.313965,71.7016,11.01
2,-3,0.193507,-0.978951,0.064887,86.2797,78.8186
3,-5,-0.049174,-0.998298,0.031347,88.2036,92.82
-1,4,0.755221,-0.613901,0.22971,76.72,39.1068
5,-8,-0.48678,-0.871133,-0.064591,93.7034,119.196
-3,10,0.93678,-0.106777,0.33323,70.5351,6.5027
-2,7,0.874719,-0.381027,0.299474,72.574,23.5379
0,2,0.623046,-0.760184,0.184214,79.3847,50.662
4,-6,-0.206954,-0.978218,0.01613,89.0758,101.9455
6,-9,-0.68343,-0.719303,-0.124609,97.1582,133.5351
1,0,0.469904,-0.870808,0.14451,81.6911,61.6479
2,-2,0.264706,-0.959412,0.097264,84.4184,74.5756
3,-4,0.03679,-0.99777,0.0557,86.807,87.8883
7,-10,-0.857685,-0.476158,-0.194037,101.1885,150.9624
-1,5,0.784883,-0.557956,0.269525,74.364,35.4082
-3,11,0.937648,-0.034606,0.345861,69.7657,2.1137
-2,8,0.888912,-0.318473,0.329259,70.7762,19.7112
0,3,0.666847,-0.711513,0.221503,77.2027,46.856
5,-7,-0.382493,-0.923897,-0.010629,90.609,112.4896
-3,12,0.931702,0.035727,0.361463,68.8099,-2.196
1,1,0.520597,-0.834382,0.181064,79.5682,58.0387
3,-3,0.111234,-0.990096,0.085655,85.0863,83.5899
2,-1,0.334642,-0.933419,0.129396,82.5653,70.2766
4,-5,-0.129375,-0.989964,0.056866,86.7401,97.4456
-1,6,0.813303,-0.494853,0.306038,72.1793,31.3184
6,-8,-0.580453,-0.81298,-0.046223,92.6493,125.5262
-2,9,0.902912,-0.240756,0.356071,69.1409,14.9302
7,-9,-0.772666,-0.623478,-0.119428,96.8591,141.0993
0,4,0.713082,-0.651325,0.259403,74.9654,42.4084
5,-6,-0.284594,-0.95799,0.035503,87.9654,106.5453
1,2,0.562531,-0.797855,0.216761,77.4812,54.8141
-1,7,0.838111,-0.430647,0.334833,70.4376,27.1955
-2,10,0.913421,-0.159147,0.374612,67.9997,9.8835
2,0,0.39501,-0.903223,0.167793,80.3405,66.3786
4,-4,-0.04786,-0.995621,0.080303,85.394,92.7521
3,-2,0.18442,-0.974529,0.127603,82.6689,79.2841
0,5,0.7441,-0.596781,0.300278,72.5257,38.7302
-2,11,0.916914,-0.084943,0.389941,67.0492,5.2928
6,-7,-0.476016,-0.879375,0.010427,89.4026,118.4272
-1,8,0.855236,-0.368269,0.364623,68.6156,23.2969
1,3,0.60916,-0.751133,0.254407,75.2615,50.9584
5,-5,-0.200626,-0.977218,0.069247,86.0293,101.6018
7,-8,-0.672787,-0.738739,-0.04027,92.3079,132.3249
-2,12,0.917269,-0.001899,0.398263,66.5304,0.1186
8,-9,-0.858858,-0.500054,-0.110949,96.37,149.7907
2,1,0.451176,-0.867048,0.211348,77.7986,62.5094
4,-3,0.02737,-0.993396,0.111423,83.6026,88.4218
3,-1,0.253745,-0.95271,0.167204,80.3747,75.086
0,6,0.769706,-0.542607,0.336348,70.3455,35.1821
-2,13,0.905528,0.091308,0.414345,65.5219,-5.7579
-1,9,0.871352,-0.291231,0.394881,66.7415,18.4811
6,-6,-0.375201,-0.925144,0.05773,86.6905,112.0755
1,4,0.660416,-0.69121,0.293394,72.9387,46.3051
-1,10,0.886342,-0.209759,0.412794,65.6195,13.3145
5,-4,-0.131825,-0.98595,0.102589,84.1117,97.6155
2,2,0.499296,-0.829919,0.248875,75.5891,58.968
0,7,0.796318,-0.478398,0.370153,68.275,30.9959
7,-7,-0.57371,-0.818844,0.018775,88.9242,125.0164
3,0,0.316356,-0.927482,0.199241,78.5074,71.166
4,-2,0.098801,-0.983526,0.151378,81.2932,84.2635
8,-8,-0.768938,-0.638064,-0.040113,92.2989,140.3141
-1,11,0.893006,-0.135219,0.42925,64.58,8.6103
1,5,0.70279,-0.62901,0.332314,70.5907,41.8291
0,8,0.818817,-0.413061,0.398647,66.5064,26.7692
6,-5,-0.284396,-0.953963,0.095255,84.534,106.6004
2,3,0.550525,-0.784694,0.284917,73.4461,54.9473
-1,12,0.896904,-0.053977,0.438918,63.9651,3.444
5,-3,-0.056642,-0.988405,0.140879,81.9013,93.2799
3,1,0.375446,-0.895511,0.238958,76.175,67.2539
-1,13,0.902907,0.04838,0.427104,64.7161,-3.0671
4,-1,0.171616,-0.965285,0.19691,78.6437,79.9188
1,6,0.730138,-0.575651,0.368137,68.3992,38.2528
7,-6,-0.469932,-0.880236,0.065942,86.2191,118.0964
0,9,0.83646,-0.339764,0.429994,64.5328,22.1066
9,-8,-0.871503,-0.489058,-0.036128,92.0705,150.7003
8,-7,-0.669359,-0.742712,0.018388,88.9464,132.0263
2,4,0.602405,-0.730141,0.322495,71.1861,50.4756
6,-4,-0.207523,-0.969435,0.130885,82.4792,102.0827
0,10,0.853388,-0.259999,0.451807,63.1403,16.9443
1,7,0.752701,-0.52086,0.402673,66.2546,34.6828
3,2,0.430755,-0.857637,0.280908,73.6856,63.3315
5,-2,0.013223,-0.983865,0.178422,79.7222,89.23
4,0,0.237768,-0.941916,0.237195,76.279,75.8328
7,-5,-0.377809,-0.919204,0.111015,83.6262,112.3435
0,11,0.865224,-0.180639,0.467715,62.1139,11.7927
2,5,0.649329,-0.667752,0.363977,68.6554,45.8014
1,8,0.777947,-0.454018,0.434358,64.2556,30.2683
8,-6,-0.569111,-0.819295,0.069772,85.9991,124.7852
9,-7,-0.767315,-0.641082,0.015523,89.1106,140.1217
3,3,0.485451,-0.814152,0.318581,71.4229,59.1938
0,12,0.871,-0.108192,0.479221,61.3655,7.0808
6,-3,-0.145802,-0.974318,0.1716,80.1192,98.5109
4,1,0.301006,-0.913503,0.273693,74.1158,71.7625
5,-1,0.082855,-0.971787,0.220827,77.2424,85.1267
0,14,0.878511,0.083737,0.470326,61.9445,-5.4448
0,13,0.874797,-0.01689,0.484196,61.0402,1.1061
2,6,0.685272,-0.607185,0.402154,66.2871,41.5425
1,9,0.796914,-0.387892,0.463106,62.4123,25.9542
7,-4,-0.298465,-0.940587,0.161908,80.6824,107.6051
3,4,0.535698,-0.765727,0.355935,69.1493,55.0236
10,-7,-0.864363,-0.502786,-0.009123,90.5227,149.8141
6,-2,-0.074445,-0.974959,0.209555,77.9037,94.3664
1,10,0.813707,-0.312667,0.49002,60.6581,21.0193
2,7,0.710147,-0.553615,0.434972,64.2165,37.9392
8,-5,-0.469944,-0.874163,0.122442,82.9669,118.2622
4,2,0.359395,-0.877799,0.31671,71.5359,67.7345
5,0,0.154717,-0.951823,0.264755,74.6476,80.7674
9,-6,-0.668531,-0.73991,0.074831,85.7085,132.0987
1,11,0.831028,-0.231245,0.505884,59.61,15.55
3,5,0.583046,-0.708724,0.3972,66.5968,50.5569
2,8,0.730854,-0.494456,0.470495,61.9336,34.0801
7,-3,-0.23022,-0.950439,0.208958,77.9387,103.6162
1,12,0.843009,-0.153356,0.515574,58.9641,10.3102
4,3,0.414677,-0.837859,0.355015,69.2056,63.668
6,-1,-0.008202,-0.967914,0.251148,75.4546,90.4855
5,1,0.219526,-0.924622,0.31126,71.8648,76.644
1,13,0.847393,-0.071255,0.526164,58.2534,4.8065
8,-4,-0.389583,-0.903191,0.180198,79.6187,113.3325
2,9,0.749595,-0.430512,0.502758,59.8173,29.8699
10,-6,-0.775466,-0.62741,0.070776,85.9414,141.0246
3,6,0.625506,-0.643689,0.440915,63.8377,45.8208
1,14,0.84496,0.017521,0.534543,57.6871,-1.1879
1,15,0.839134,0.072333,0.539094,57.378,-4.9267
9,-5,-0.572952,-0.808621,0.133636,82.3202,125.3197
4,4,0.462852,-0.794712,0.392683,66.8784,59.7829
7,-2,-0.165291,-0.953938,0.250362,75.501,99.8302
2,10,0.768738,-0.363128,0.526479,58.2321,25.2846
6,0,0.063119,-0.953257,0.295496,72.8127,86.2117
11,-6,-0.875624,-0.480115,0.052653,86.9818,151.2635
5,2,0.2821,-0.89203,0.353133,69.321,72.4507
3,7,0.655663,-0.587286,0.474553,61.6697,41.8512
2,11,0.792032,-0.282829,0.541011,57.2475,19.6513
8,-3,-0.317799,-0.91812,0.236767,76.3042,109.0928
4,5,0.509784,-0.741487,0.436253,64.1349,55.4909
3,8,0.6812,-0.530463,0.504555,59.6982,37.9085
9,-4,-0.482138,-0.854166,0.19479,78.7675,119.4428
2,12,0.804869,-0.202508,0.557832,56.094,14.1227
10,-5,-0.679555,-0.720049,0.140482,81.9243,133.3427
5,3,0.338497,-0.854445,0.394136,66.7879,68.3885
7,-1,-0.09403,-0.952111,0.290935,73.0861,95.6402
6,1,0.130848,-0.931807,0.338547,70.2116,82.0066
2,13,0.81369,-0.118797,0.569031,55.3173,8.3064
4,6,0.556721,-0.678002,0.479973,61.3163,50.6099
3,9,0.69843,-0.468168,0.541308,57.2273,33.8345
2,14,0.814126,-0.032573,0.579774,54.5654,2.2912
8,-2,-0.25119,-0.925578,0.283211,73.5481,105.1836
2,15,0.798008,0.060781,0.599575,53.1606,-4.3556
5,4,0.38899,-0.812416,0.434358,64.2555,64.4146
11,-5,-0.789918,-0.598144,0.135104,82.2354,142.8662
3,10,0.718499,-0.399932,0.569046,55.3163,29.1012
6,2,0.192549,-0.901805,0.386875,67.2398,77.9474
7,0,-0.023145,-0.940119,0.34006,70.1194,91.4103
4,7,0.595956,-0.616936,0.514029,59.0674,45.991
9,-3,-0.405985,-0.876959,0.257135,75.0999,114.8416
10,-4,-0.589326,-0.781347,0.205406,78.1467,127.0252
3,11,0.744278,-0.32458,0.583693,54.2893,23.5621
12,-5,-0.87296,-0.468167,0.136967,82.1276,151.7954
5,5,0.434892,-0.763707,0.477096,61.5041,60.3407
4,8,0.622432,-0.563987,0.542675,57.134,42.1798
8,-1,-0.186653,-0.926758,0.326005,70.9735,101.3873
3,12,0.761768,-0.245031,0.599724,53.1499,17.8309
6,3,0.255523,-0.866097,0.429632,64.5558,73.5625
7,1,0.044143,-0.924819,0.377838,67.8002,87.2673
3,13,0.772095,-0.163755,0.614047,52.1173,11.9745
9,-2,-0.3342,-0.89009,0.309918,71.9457,110.5795
4,9,0.645104,-0.500952,0.576964,54.7627,37.8309
5,6,0.485304,-0.704047,0.518458,58.7711,55.4213
3,14,0.778709,-0.079911,0.622275,51.5176,5.8592
11,-4,-0.697075,-0.686466,0.207003,78.0532,135.4393
3,15,0.78295,0.014882,0.621906,51.5445,-1.0889
10,-3,-0.510873,-0.815819,0.271014,74.2754,122.0552
6,4,0.312953,-0.824718,0.471063,61.8967,69.2199
8,0,-0.116272,-0.920136,0.373939,68.0412,97.2019
4,10,0.66705,-0.430813,0.607819,52.568,32.8563
7,2,0.100939,-0.902497,0.418701,65.2474,83.6183
5,7,0.528693,-0.643304,0.553754,56.375,50.5853
12,-4,-0.803623,-0.56358,0.191228,78.9755,144.9581
4,11,0.690269,-0.358242,0.628642,51.05,27.4288
9,-1,-0.273782,-0.893327,0.356385,69.1217,107.039
6,5,0.360127,-0.77858,0.513928,59.0742,65.1774
5,8,0.563954,-0.587775,0.580066,54.5448,46.1849
4,12,0.712851,-0.280357,0.642841,49.996,21.4692
8,1,-0.044376,-0.907355,0.418016,65.2906,92.7999
7,3,0.163471,-0.872287,0.460861,62.5573,79.3856
11,-3,-0.610067,-0.741538,0.279176,73.789,129.4443
10,-2,-0.435049,-0.835819,0.334873,70.4352,117.4973
4,13,0.724278,-0.201816,0.659311,48.7526,15.5702
5,9,0.590624,-0.523846,0.613799,52.1353,41.571
6,6,0.413471,-0.722922,0.553557,56.3886,60.2329
4,14,0.73385,-0.121184,0.668415,48.0551,9.3769
4,16,0.737916,0.06754,0.671504,47.8167,-5.2296
9,0,-0.213047,-0.893079,0.396259,66.6555,103.4174
4,15,0.740534,-0.031278,0.671291,47.8332,2.4186
7,4,0.22398,-0.834435,0.503539,59.7656,74.9748
5,10,0.614797,-0.454532,0.644534,49.8692,36.4763
8,2,0.016666,-0.891145,0.453413,63.0371,88.9286
12,-3,-0.712143,-0.644862,0.277498,73.8891,137.8385
6,7,0.460005,-0.665798,0.587459,54.0231,55.3591
10,-1,-0.360604,-0.848486,0.387345,67.2106,113.0253
11,-2,-0.536842,-0.768338,0.348508,69.6039,124.9422
13,-3,-0.822139,-0.504343,0.264056,74.6891,148.4729
5,11,0.635681,-0.385772,0.668647,48.0373,31.2521
7,5,0.28012,-0.790002,0.545371,56.95,70.4765
5,12,0.66088,-0.311236,0.682912,46.9283,25.2177
6,8,0.495538,-0.610792,0.617556,51.8621,50.9474
9,1,-0.139119,-0.884812,0.444695,63.5962,98.9355
8,3,0.071214,-0.86869,0.490211,60.6456,85.3135
5,13,0.676408,-0.23423,0.69829,45.7101,19.1002
7,6,0.338033,-0.737319,0.584888,54.2049,65.3703
10,0,-0.29999,-0.853005,0.42707,64.7182,109.3761
6,9,0.528221,-0.548089,0.648522,49.5697,46.0575
5,14,0.685449,-0.158497,0.710661,44.7113,13.0198
12,-2,-0.63064,-0.693094,0.349161,69.564,132.2988
5,16,0.693235,0.033657,0.719926,43.9517,-2.7796
5,15,0.694293,-0.069725,0.716307,44.2496,5.7348
11,-1,-0.459203,-0.789855,0.406524,66.0133,120.1727
9,2,-0.071861,-0.867231,0.492693,60.4823,94.7369
8,4,0.13438,-0.833081,0.53658,57.5489,80.8368
6,10,0.559636,-0.474736,0.679289,47.2119,40.3077
7,7,0.388434,-0.678748,0.623233,51.4474,60.2184
13,-2,-0.738092,-0.591477,0.324615,71.0577,141.2927
6,11,0.581906,-0.406702,0.704258,45.2304,34.9503
10,1,-0.233055,-0.854511,0.464217,62.3405,105.2555
8,5,0.19202,-0.792268,0.579172,54.6077,76.3761
9,3,-0.011983,-0.850153,0.526399,58.2375,90.8076
7,8,0.424038,-0.624103,0.656268,48.9841,55.8064
6,12,0.603473,-0.337423,0.722473,43.741,29.2111
11,0,-0.387855,-0.800723,0.456521,62.8372,115.8447
12,-1,-0.559149,-0.71721,0.415887,65.4248,127.9405
6,13,0.622291,-0.262672,0.737399,42.4897,22.8848
7,9,0.454595,-0.567206,0.686747,46.6268,51.2891
8,6,0.25043,-0.742381,0.621414,51.5806,71.359
6,14,0.632637,-0.184599,0.752126,41.2251,16.2669
10,2,-0.166898,-0.841573,0.513712,59.0886,101.2172
6,17,0.641516,0.066496,0.764222,40.1621,-5.9179
6,15,0.645138,-0.10132,0.757319,40.7716,8.9255
9,4,0.047995,-0.820584,0.569507,55.2841,86.6526
6,16,0.648244,-0.00856,0.761384,40.4136,0.7566
13,-1,-0.654632,-0.638152,0.40524,66.0938,135.7304
7,10,0.493126,-0.497239,0.713849,44.451,45.2379
11,1,-0.324633,-0.80383,0.498469,60.1012,111.9917
14,-1,-0.751178,-0.538859,0.381265,67.588,144.3462
8,7,0.307266,-0.686886,0.658616,48.8056,65.8995
12,0,-0.484534,-0.735105,0.474181,61.6939,123.3903
7,11,0.526777,-0.423984,0.736712,42.548,38.8293
9,5,0.109,-0.784204,0.610854,52.3487,82.0869
10,3,-0.101894,-0.821459,0.561091,55.8687,97.0709
7,12,0.538526,-0.355359,0.764009,40.1811,33.4198
8,8,0.348717,-0.631502,0.692533,46.169,61.0924
7,13,0.560092,-0.283348,0.778466,38.8796,26.8347
11,2,-0.260601,-0.802039,0.53742,57.4918,108.0002
13,0,-0.585358,-0.656342,0.475995,61.5758,131.7281
9,6,0.164658,-0.74143,0.650515,49.4196,77.4789
7,14,0.571813,-0.211321,0.7927,37.5614,20.2824
8,9,0.383119,-0.574019,0.723686,43.6403,56.2796
10,4,-0.03738,-0.798083,0.601386,53.0307,92.6816
12,1,-0.418068,-0.740951,0.525558,58.2942,119.4331
7,17,0.598459,0.06901,0.798176,37.0437,-6.5779
7,15,0.580432,-0.128331,0.804133,36.4734,12.4673
7,16,0.596165,-0.034352,0.802127,36.6663,3.2978
14,0,-0.677527,-0.56822,0.466993,62.1607,140.0145
8,10,0.42234,-0.512732,0.747486,41.627,50.5216
9,7,0.223156,-0.688446,0.690104,46.3616,72.0402
11,3,-0.198429,-0.785662,0.58597,54.1285,104.1744
8,11,0.459794,-0.444488,0.768778,39.7557,44.0303
10,5,0.018705,-0.765383,0.643303,49.9615,88.6
13,1,-0.513245,-0.670262,0.53603,57.5862,127.4426
12,2,-0.356049,-0.742879,0.566886,55.4666,115.6076
8,12,0.478475,-0.374376,0.794295,37.4113,38.0409
9,8,0.274105,-0.636237,0.721158,43.8499,66.6926
8,13,0.494191,-0.302568,0.815002,35.4125,31.477
9,9,0.315945,-0.581566,0.749639,41.4408,61.4863
10,6,0.070619,-0.728288,0.681622,47.0295,84.4616
8,14,0.512689,-0.230351,0.827096,34.1984,24.1943
11,4,-0.133598,-0.762723,0.632776,50.7448,99.9351
8,17,0.543978,0.025947,0.838698,32.9971,-2.7308
14,1,-0.617225,-0.581568,0.529917,58.0002,136.7037
15,1,-0.716016,-0.476167,0.510476,59.3044,146.3752
8,15,0.517159,-0.154458,0.841837,32.6654,16.6291
8,16,0.528729,-0.065488,0.846261,32.1927,7.0606
12,3,-0.293602,-0.738083,0.60748,52.5925,111.6922
9,10,0.352673,-0.519355,0.778391,38.8865,55.8212
13,2,-0.447777,-0.678767,0.58204,54.4058,123.4125
10,7,0.127731,-0.684842,0.717409,44.159,79.4351
11,5,-0.071458,-0.739856,0.668959,48.0132,95.5167
9,11,0.388362,-0.456785,0.800327,36.8387,49.6286
10,8,0.185273,-0.636679,0.748541,41.5359,73.7751
9,12,0.411151,-0.391042,0.823432,34.5701,43.564
9,18,0.502,0.074334,0.861667,30.4957,-8.4229
14,2,-0.541796,-0.604808,0.583665,54.2913,131.8545
12,4,-0.234329,-0.716299,0.657272,48.9079,108.1149
9,13,0.427077,-0.32053,0.845497,32.2747,36.889
11,6,-0.020563,-0.708542,0.705369,45.1406,91.6624
13,3,-0.386,-0.679064,0.6244,51.3618,119.6152
15,2,-0.63018,-0.52591,0.571219,55.1647,140.1537
10,9,0.235561,-0.581993,0.778328,38.8922,67.9645
9,14,0.445855,-0.248208,0.860004,30.683,29.1047
9,17,0.479351,0.003348,0.877617,28.6438,-0.4001
9,15,0.461403,-0.172787,0.870202,29.5178,20.53
9,16,0.465496,-0.086742,0.880789,28.2623,10.5557
10,10,0.279984,-0.523581,0.804656,36.4229,61.8645
11,7,0.031335,-0.672741,0.739215,42.3354,87.3332
12,5,-0.172526,-0.698726,0.694274,46.0306,103.8698
14,3,-0.474189,-0.613417,0.631557,50.8349,127.705
10,11,0.316941,-0.4627,0.827923,34.114,55.5895
13,4,-0.324803,-0.665398,0.672123,47.7689,116.0186
11,8,0.090824,-0.62914,0.771967,39.4691,81.7854
15,3,-0.568962,-0.53427,0.62517,51.3053,136.8011
12,6,-0.114053,-0.678062,0.726102,43.4394,99.548
10,12,0.343936,-0.39768,0.850623,31.7205,49.1449
16,3,-0.666726,-0.432766,0.606787,52.6425,147.0127
10,18,0.426012,0.083622,0.900845,25.7307,-11.1055
10,13,0.362487,-0.335303,0.869583,29.5898,42.7691
11,9,0.141041,-0.578584,0.803335,36.5502,76.3002
10,14,0.378449,-0.262953,0.887486,27.4409,34.7922
14,4,-0.412471,-0.608136,0.678261,47.2921,124.1473
10,17,0.414191,-0.008306,0.910152,24.4736,1.1488
13,5,-0.268923,-0.649513,0.711205,44.6669,112.4914
10,15,0.401222,-0.183348,0.897444,26.176,24.5592
10,16,0.409617,-0.096197,0.907171,24.8826,13.2162
12,7,-0.059713,-0.647275,0.759914,40.5434,95.2708
11,10,0.191791,-0.523413,0.830214,33.8793,69.876
11,11,0.234791,-0.465265,0.853464,31.4095,63.2227
15,4,-0.500543,-0.534623,0.680907,47.0854,133.1144
12,8,-0.001124,-0.613477,0.789712,37.8414,90.105
13,6,-0.204737,-0.63881,0.741623,42.1301,107.7705
16,4,-0.603968,-0.448077,0.659128,48.7666,143.4287
11,12,0.271867,-0.398555,0.875924,28.8455,55.7009
14,5,-0.354755,-0.594047,0.721982,43.7816,120.8449
11,18,0.350854,0.051701,0.935002,20.7716,-8.3827
11,13,0.302571,-0.335694,0.892054,26.8675,47.9707
12,9,0.050034,-0.565412,0.823289,34.5846,84.943
13,7,-0.148752,-0.615114,0.774279,39.2603,103.5947
11,17,0.35134,-0.020297,0.936028,20.6052,3.3064
11,14,0.31903,-0.269492,0.908622,24.6844,40.1885
11,15,0.340774,-0.191721,0.920389,23.017,29.3624
11,16,0.347479,-0.106152,0.93166,21.305,16.9875
15,5,-0.43755,-0.528756,0.727301,43.3394,129.608
12,10,0.105068,-0.516823,0.849621,31.8296,78.5086
14,6,-0.293417,-0.583704,0.757097,40.791,116.6879
17,5,-0.613829,-0.34209,0.711469,44.6454,150.8688
13,8,-0.087833,-0.582345,0.808183,36.0813,98.5771
12,11,0.155537,-0.461984,0.873143,29.174,71.3931
16,5,-0.523354,-0.447593,0.725094,43.5233,139.4617
12,12,0.189927,-0.397402,0.897775,26.1329,64.4558
12,18,0.28684,0.05811,0.956214,17.0177,-11.4524
14,7,-0.233444,-0.572206,0.786183,38.1698,112.1941
15,6,-0.377476,-0.525838,0.762237,40.3382,125.6729
13,9,-0.034548,-0.544583,0.837995,33.071,93.63
12,13,0.233537,-0.33026,0.914543,23.8591,54.7347
12,14,0.261076,-0.264012,0.928513,21.7958,45.3203
12,17,0.288692,-0.027881,0.957016,16.8601,5.5164
12,15,0.277131,-0.189061,0.942048,19.6016,34.3021
13,10,0.01691,-0.496985,0.867594,29.8197,88.0513
12,16,0.285745,-0.108588,0.952134,17.7992,20.8077
16,6,-0.458336,-0.449627,0.766658,39.9453,135.5495
17,6,-0.569084,-0.350109,0.744021,41.925,148.3996
14,8,-0.179285,-0.541083,0.821636,34.7511,108.3324
15,7,-0.318083,-0.513891,0.796705,37.1834,121.7563
13,11,0.071168,-0.444453,0.89297,26.7511,80.9027
13,18,0.224137,0.053823,0.97307,13.327,-13.503
13,12,0.110096,-0.380064,0.918385,23.3089,73.8449
14,9,-0.122419,-0.503448,0.855309,31.2061,103.6669
18,7,-0.612845,-0.237994,0.753512,41.1045,158.7767
16,7,-0.399321,-0.443748,0.802265,36.653,131.9835
13,13,0.14631,-0.315518,0.937572,20.3522,65.1221
15,8,-0.263753,-0.494726,0.828058,34.1002,118.0634
13,17,0.216296,-0.013548,0.976234,12.5164,3.5841
13,14,0.184065,-0.248277,0.951041,18.0029,53.4479
14,10,-0.073405,-0.462013,0.88383,27.8921,99.0277
17,7,-0.495205,-0.349486,0.795381,37.3087,144.7879
13,16,0.214631,-0.089777,0.97256,13.4532,22.6988
13,15,0.20344,-0.172719,0.963733,15.4781,40.331
14,18,0.122039,0.065235,0.990379,7.9541,-28.1263
14,11,-0.026167,-0.412333,0.910657,24.4037,93.6312
15,9,-0.208469,-0.456782,0.864807,30.1394,114.5313
16,8,-0.347031,-0.425711,0.835667,33.3147,129.1862
14,12,0.021037,-0.352931,0.935413,20.7051,86.5888
18,8,-0.552765,-0.240117,0.797994,37.061,156.5203
17,8,-0.441298,-0.343549,0.828993,34.0045,142.0994
14,13,0.061724,-0.291099,0.9547,17.3118,78.0285
14,17,0.142261,0.043363,0.988879,8.553,-16.952
15,10,-0.154548,-0.418706,0.894875,26.5077,110.2596
14,14,0.093192,-0.219502,0.971151,13.796,66.9958
14,16,0.132844,-0.057988,0.989439,8.3343,23.5818
16,9,-0.291358,-0.401743,0.868166,29.7537,125.9509
14,15,0.117044,-0.138926,0.983362,10.4664,49.886
15,11,-0.114593,-0.371131,0.921483,22.8562,107.159
18,9,-0.508638,-0.21324,0.834156,33.4719,157.2548
15,17,0.069569,0.06001,0.995771,5.2715,-40.7809
17,9,-0.38645,-0.323568,0.86369,30.2665,140.0611
15,12,-0.073635,-0.312342,0.947111,18.7177,103.2653
16,10,-0.238171,-0.367246,0.899113,25.9582,122.9647
15,13,-0.02829,-0.254988,0.96653,14.8656,96.3308
15,16,0.055174,-0.019973,0.998277,3.3639,19.9007
15,14,0.00604,-0.181395,0.983392,10.4569,88.093
16,17,0.011915,0.088833,0.995975,5.1422,-82.3605
15,15,0.031136,-0.099767,0.994524,5.9991,72.6676
16,11,-0.191424,-0.325529,0.925952,22.1876,120.4573
17,10,-0.330009,-0.295524,0.896526,26.2948,138.1554
18,10,-0.431861,-0.204895,0.878359,28.555,154.6182
19,11,-0.461956,-0.062861,0.884672,27.7888,172.251
16,12,-0.156112,-0.263436,0.951961,17.8315,120.6511
16,16,-0.049404,0.037611,0.99807,3.5598,-142.7183
17,11,-0.278204,-0.258417,0.925107,22.3155,137.1117
16,13,-0.116016,-0.201068,0.972683,13.423,119.9849
16,15,-0.05552,-0.046657,0.997367,4.1588,139.9575
18,11,-0.374013,-0.170808,0.911558,24.2784,155.4542
16,14,-0.079564,-0.129345,0.988402,8.7346,121.5969
17,16,-0.109992,0.082262,0.990522,7.8946,-143.2076
19,12,-0.425072,-0.033085,0.904555,25.2366,175.5494
17,12,-0.231738,-0.206887,0.950524,18.0985,138.2426
18,12,-0.32195,-0.126826,0.938224,20.2447,158.4989
17,13,-0.195316,-0.143221,0.970226,14.0164,143.7482
17,15,-0.13317,0.015208,0.990976,7.7029,-173.4849
18,13,-0.253181,-0.084139,0.963753,15.4737,161.6169
17,14,-0.154439,-0.074848,0.985163,9.8821,154.143
18,15,-0.169639,0.042858,0.984574,10.0769,-165.8214
18,14,-0.221149,-0.025683,0.974902,12.8638,173.3755
